log_id,log_date,machine_id,technician_id,log_text,component,issue,severity
1,2025-03-07,M-037,TECH-01,Maintenance check revealed random error code affecting the PLC.,PLC,random error code,Low
2,2025-05-21,M-046,TECH-04,Machine is showing slight noise during operation and the bearing needs replacement.  Escalated to shift supervisor.,bearing,slight noise during operation,Low
3,2025-01-14,M-051,TECH-08,Operator reported routine wear observed originating from the filter.  Recommend scheduling maintenance.,filter,routine wear observed,Medium
4,2025-05-26,M-023,TECH-05,Ventilation duct showing signs of fan not spinning at rated speed after extended run time.  Recommend scheduling maintenance.,ventilation duct,fan not spinning at rated speed,High
5,2025-11-20,M-023,TECH-14,Cooling fan inspection found rising process temperature; recommend follow-up.  Parts ordered for replacement.,cooling fan,rising process temperature,Medium
6,2025-12-17,M-035,TECH-02,Motor inspection found abnormal current draw; recommend follow-up.,motor,abnormal current draw,High
7,2025-11-03,M-015,TECH-07,Sensor inspection found calibration check passed; recommend follow-up.,sensor,calibration check passed,Low
8,2025-04-27,M-011,TECH-06,"During inspection, blunt tool causing poor finish was observed near the milling tool.",milling tool,blunt tool causing poor finish,High
9,2025-07-16,M-009,TECH-02,"Unusual behavior detected: slight noise during operation linked to the filter.  Monitored, no immediate action taken.",filter,slight noise during operation,Low
10,2025-09-07,M-010,TECH-12,Drill bit showing signs of tool wear beyond threshold after extended run time.,drill bit,tool wear beyond threshold,Medium
11,2025-06-19,M-021,TECH-04,"During inspection, calibration check passed was observed near the lubrication line.  Logged for next scheduled downtime.",lubrication line,calibration check passed,Medium
12,2025-09-01,M-004,TECH-12,Unusual behavior detected: minor vibration noted linked to the pump.  Recommend scheduling maintenance.,pump,minor vibration noted,Low
13,2025-04-16,M-026,TECH-04,Routine audit flagged intermittent fault on the wiring harness.  Logged for next scheduled downtime.,wiring harness,intermittent fault,Low
14,2025-08-31,M-015,TECH-01,"During inspection, shaft deformation was observed near the bearing.  Monitored, no immediate action taken.",bearing,shaft deformation,High
15,2025-08-28,M-023,TECH-08,Routine audit flagged overstrain under excessive load on the gearbox.,gearbox,overstrain under excessive load,High
16,2025-11-26,M-051,TECH-09,Technician noted fan not spinning at rated speed while servicing the cooling fan.,cooling fan,fan not spinning at rated speed,Medium
17,2025-09-08,M-043,TECH-08,"Maintenance check revealed shaft deformation affecting the structural frame.  Monitored, no immediate action taken.",structural frame,shaft deformation,Medium
18,2025-01-04,M-059,TECH-14,Log entry: power failure reported for inverter during shift inspection.  Recommend scheduling maintenance.,inverter,power failure,High
19,2025-06-06,M-058,TECH-13,Ventilation duct inspection found fan not spinning at rated speed; recommend follow-up.,ventilation duct,fan not spinning at rated speed,High
20,2025-08-11,M-014,TECH-05,Maintenance check revealed intermittent fault affecting the control unit.,control unit,intermittent fault,Low
21,2025-02-05,M-024,TECH-07,Alert triggered due to minor vibration noted at the pump.  Recommend scheduling maintenance.,pump,minor vibration noted,Low
22,2025-10-22,M-003,TECH-03,Unusual behavior detected: power failure linked to the power supply unit.,power supply unit,power failure,High
23,2025-12-05,M-006,TECH-05,Machine is showing scheduled inspection completed and the lubrication line needs replacement.  Parts ordered for replacement.,lubrication line,scheduled inspection completed,Low
24,2025-07-16,M-017,TECH-09,Cooling fan showing signs of overheating after extended run time.  Recommend scheduling maintenance.,cooling fan,overheating,High
25,2025-07-23,M-009,TECH-10,"Maintenance check revealed structural stress cracking affecting the coupling.  Monitored, no immediate action taken.",coupling,structural stress cracking,High
26,2025-04-07,M-037,TECH-09,Log entry: overheating reported for ventilation duct during shift inspection.,ventilation duct,overheating,Medium
27,2025-03-14,M-014,TECH-08,"Preventive check: no repeatable cause identified detected, sensor module scheduled for review.",sensor module,no repeatable cause identified,Low
28,2025-03-10,M-008,TECH-08,"Routine audit flagged random error code on the PLC.  Monitored, no immediate action taken.",PLC,random error code,Medium
29,2025-02-12,M-028,TECH-09,PLC inspection found intermittent fault; recommend follow-up.  Logged for next scheduled downtime.,PLC,intermittent fault,High
30,2025-10-18,M-010,TECH-07,Motor showing signs of abnormal current draw after extended run time.,motor,abnormal current draw,High
31,2025-03-04,M-026,TECH-01,Alert triggered due to overstrain under excessive load at the bearing.  Logged for next scheduled downtime.,bearing,overstrain under excessive load,High
32,2025-12-26,M-021,TECH-14,"Preventive check: sporadic signal loss detected, PLC scheduled for review.",PLC,sporadic signal loss,Low
33,2025-12-05,M-008,TECH-12,"During inspection, coolant flow restriction was observed near the radiator.",radiator,coolant flow restriction,Medium
34,2025-06-04,M-059,TECH-12,Valve showing signs of slight noise during operation after extended run time.  Logged for next scheduled downtime.,valve,slight noise during operation,Low
35,2025-01-22,M-053,TECH-09,Log entry: overheating reported for cooling fan during shift inspection.,cooling fan,overheating,High
36,2025-02-05,M-016,TECH-08,Unusual behavior detected: unexplained shutdown linked to the unknown component.,unknown component,unexplained shutdown,High
37,2025-05-02,M-035,TECH-14,Radiator showing signs of coolant flow restriction after extended run time.,radiator,coolant flow restriction,High
38,2025-11-25,M-001,TECH-07,Motor showing signs of abnormal current draw after extended run time.  Logged for next scheduled downtime.,motor,abnormal current draw,High
39,2025-07-15,M-050,TECH-01,"During inspection, worn cutting edge was observed near the milling tool.  Monitored, no immediate action taken.",milling tool,worn cutting edge,Medium
40,2025-04-10,M-038,TECH-13,Machine is showing voltage fluctuation and the inverter needs replacement.,inverter,voltage fluctuation,High
41,2025-11-12,M-029,TECH-13,Operator reported intermittent fault originating from the PLC.,PLC,intermittent fault,Medium
42,2025-03-28,M-033,TECH-11,Filter inspection found no issue found; recommend follow-up.,filter,no issue found,Low
43,2025-01-29,M-035,TECH-14,"Maintenance check revealed routine wear observed affecting the gasket.  Monitored, no immediate action taken.",gasket,routine wear observed,Low
44,2025-03-24,M-010,TECH-06,Gasket inspection found routine wear observed; recommend follow-up.  Recommend scheduling maintenance.,gasket,routine wear observed,Medium
45,2025-09-18,M-017,TECH-06,Log entry: sporadic signal loss reported for sensor module during shift inspection.,sensor module,sporadic signal loss,Low
46,2025-11-05,M-020,TECH-06,Technician noted lubrication topped up while servicing the pump.,pump,lubrication topped up,Low
47,2025-01-28,M-006,TECH-02,Unusual behavior detected: minor vibration noted linked to the gasket.,gasket,minor vibration noted,Low
48,2025-01-30,M-052,TECH-08,"Preventive check: slight noise during operation detected, filter scheduled for review.",filter,slight noise during operation,Low
49,2025-11-12,M-052,TECH-12,"Log entry: no repeatable cause identified reported for unknown component during shift inspection.  Monitored, no immediate action taken.",unknown component,no repeatable cause identified,Low
50,2025-06-16,M-033,TECH-13,"During inspection, power failure was observed near the inverter.",inverter,power failure,Medium
51,2025-09-10,M-036,TECH-15,"During inspection, voltage fluctuation was observed near the motor.  Monitored, no immediate action taken.",motor,voltage fluctuation,High
52,2025-01-15,M-004,TECH-03,Unusual behavior detected: worn cutting edge linked to the cutting tool.  Logged for next scheduled downtime.,cutting tool,worn cutting edge,High
53,2025-03-25,M-026,TECH-04,Alert triggered due to worn cutting edge at the blade.  Parts ordered for replacement.,blade,worn cutting edge,Medium
54,2025-09-28,M-028,TECH-14,"Preventive check: bearing seizure detected, gearbox scheduled for review.",gearbox,bearing seizure,High
55,2025-10-13,M-021,TECH-02,Operator reported tool wear beyond threshold originating from the blade.,blade,tool wear beyond threshold,High
56,2025-06-07,M-032,TECH-15,Alert triggered due to scheduled inspection completed at the filter.  Logged for next scheduled downtime.,filter,scheduled inspection completed,Low
57,2025-07-29,M-017,TECH-15,Operator reported voltage fluctuation originating from the power supply unit.  Recommend scheduling maintenance.,power supply unit,voltage fluctuation,High
58,2025-05-29,M-036,TECH-09,"Preventive check: lubrication topped up detected, belt scheduled for review.",belt,lubrication topped up,Low
59,2025-06-23,M-033,TECH-11,Machine is showing sudden power loss and the drive controller needs replacement.,drive controller,sudden power loss,High
60,2025-07-28,M-015,TECH-09,Radiator inspection found rising process temperature; recommend follow-up.  Logged for next scheduled downtime.,radiator,rising process temperature,High
61,2025-07-20,M-029,TECH-06,Maintenance check revealed minor vibration noted affecting the belt.  Recommend scheduling maintenance.,belt,minor vibration noted,Low
62,2025-05-22,M-012,TECH-10,Maintenance check revealed torque beyond rated limit affecting the gearbox.  Parts ordered for replacement.,gearbox,torque beyond rated limit,High
63,2025-11-09,M-044,TECH-05,Routine audit flagged random error code on the PLC.,PLC,random error code,Medium
64,2025-11-11,M-002,TECH-12,Technician noted scheduled inspection completed while servicing the gasket.  Parts ordered for replacement.,gasket,scheduled inspection completed,Low
65,2025-09-23,M-038,TECH-09,Heat sink showing signs of rising process temperature after extended run time.  Parts ordered for replacement.,heat sink,rising process temperature,Medium
66,2025-10-28,M-042,TECH-03,Operator reported no repeatable cause identified originating from the unknown component.  Escalated to shift supervisor.,unknown component,no repeatable cause identified,Medium
67,2025-02-26,M-057,TECH-01,Cooling fan showing signs of fan not spinning at rated speed after extended run time.  Escalated to shift supervisor.,cooling fan,fan not spinning at rated speed,High
68,2025-06-08,M-021,TECH-15,Maintenance check revealed no issue found affecting the bearing.,bearing,no issue found,Low
69,2025-07-17,M-030,TECH-14,Gearbox showing signs of overstrain under excessive load after extended run time.  Recommend scheduling maintenance.,gearbox,overstrain under excessive load,High
70,2025-05-13,M-035,TECH-09,Maintenance check revealed tool wear beyond threshold affecting the tool holder.  Recommend scheduling maintenance.,tool holder,tool wear beyond threshold,High
71,2025-06-11,M-019,TECH-05,Operator reported minor vibration noted originating from the belt.  Recommend scheduling maintenance.,belt,minor vibration noted,Low
72,2025-06-13,M-022,TECH-06,Routine audit flagged random error code on the unknown component.,unknown component,random error code,Medium
73,2025-10-01,M-039,TECH-07,Wiring harness showing signs of random error code after extended run time.  Parts ordered for replacement.,wiring harness,random error code,High
74,2025-07-14,M-050,TECH-05,"Alert triggered due to minor leak, monitored at the filter.  Escalated to shift supervisor.",filter,"minor leak, monitored",Medium
75,2025-01-15,M-027,TECH-08,Routine audit flagged torque beyond rated limit on the coupling.  Parts ordered for replacement.,coupling,torque beyond rated limit,High
76,2025-08-28,M-060,TECH-06,Operator reported fan not spinning at rated speed originating from the cooling fan.  Logged for next scheduled downtime.,cooling fan,fan not spinning at rated speed,Medium
77,2025-05-03,M-037,TECH-05,Machine is showing overstrain under excessive load and the bearing needs replacement.,bearing,overstrain under excessive load,High
78,2025-04-03,M-039,TECH-14,"During inspection, routine wear observed was observed near the sensor.  Parts ordered for replacement.",sensor,routine wear observed,Low
79,2025-06-09,M-040,TECH-06,"Preventive check: blunt tool causing poor finish detected, blade scheduled for review.  Logged for next scheduled downtime.",blade,blunt tool causing poor finish,High
80,2025-05-08,M-004,TECH-09,"Preventive check: minor leak, monitored detected, belt scheduled for review.  Logged for next scheduled downtime.",belt,"minor leak, monitored",Low
81,2025-02-01,M-051,TECH-03,"Preventive check: power failure detected, motor scheduled for review.",motor,power failure,High
82,2025-12-26,M-024,TECH-01,"Preventive check: torque beyond rated limit detected, bearing scheduled for review.  Parts ordered for replacement.",bearing,torque beyond rated limit,Medium
83,2025-08-01,M-033,TECH-15,Motor inspection found power failure; recommend follow-up.,motor,power failure,High
84,2025-08-07,M-004,TECH-09,Technician noted voltage fluctuation while servicing the drive controller.  Logged for next scheduled downtime.,drive controller,voltage fluctuation,High
85,2025-02-19,M-021,TECH-09,Log entry: tool degradation reported for blade during shift inspection.  Logged for next scheduled downtime.,blade,tool degradation,Medium
86,2025-03-13,M-014,TECH-01,Bearing showing signs of overstrain under excessive load after extended run time.,bearing,overstrain under excessive load,High
87,2025-08-23,M-060,TECH-08,"Preventive check: fan not spinning at rated speed detected, ventilation duct scheduled for review.",ventilation duct,fan not spinning at rated speed,High
88,2025-01-30,M-025,TECH-10,Unusual behavior detected: motor stalling under load linked to the drive controller.  Parts ordered for replacement.,drive controller,motor stalling under load,Medium
89,2025-10-05,M-013,TECH-02,"During inspection, no repeatable cause identified was observed near the sensor module.  Logged for next scheduled downtime.",sensor module,no repeatable cause identified,Low
90,2025-05-01,M-017,TECH-07,Maintenance check revealed calibration check passed affecting the gasket.,gasket,calibration check passed,Low
91,2025-08-01,M-011,TECH-08,"During inspection, minor leak, monitored was observed near the filter.",filter,"minor leak, monitored",Low
92,2025-04-08,M-035,TECH-12,Unusual behavior detected: routine wear observed linked to the valve.,valve,routine wear observed,Medium
93,2025-04-21,M-016,TECH-02,Operator reported bearing seizure originating from the bearing.  Escalated to shift supervisor.,bearing,bearing seizure,High
94,2025-08-01,M-001,TECH-15,Technician noted bearing seizure while servicing the coupling.  Recommend scheduling maintenance.,coupling,bearing seizure,Medium
95,2025-07-03,M-041,TECH-12,Technician noted poor heat dissipation while servicing the coolant pump.,coolant pump,poor heat dissipation,Medium
96,2025-02-20,M-021,TECH-10,Technician noted overheating while servicing the ventilation duct.  Parts ordered for replacement.,ventilation duct,overheating,High
97,2025-03-17,M-060,TECH-11,Machine is showing bearing seizure and the structural frame needs replacement.  Logged for next scheduled downtime.,structural frame,bearing seizure,High
98,2025-12-17,M-021,TECH-02,"Preventive check: coolant flow restriction detected, coolant pump scheduled for review.  Parts ordered for replacement.",coolant pump,coolant flow restriction,High
99,2025-12-17,M-036,TECH-11,Maintenance check revealed slight noise during operation affecting the valve.  Logged for next scheduled downtime.,valve,slight noise during operation,Low
100,2025-08-15,M-030,TECH-08,Log entry: no issue found reported for sensor during shift inspection.  Escalated to shift supervisor.,sensor,no issue found,Low
101,2025-12-14,M-023,TECH-14,Technician noted worn cutting edge while servicing the blade.,blade,worn cutting edge,Medium
102,2025-04-02,M-044,TECH-06,"During inspection, rising process temperature was observed near the radiator.  Logged for next scheduled downtime.",radiator,rising process temperature,Medium
103,2025-02-14,M-019,TECH-12,Operator reported rising process temperature originating from the radiator.  Recommend scheduling maintenance.,radiator,rising process temperature,High
104,2025-01-23,M-001,TECH-05,Alert triggered due to tool degradation at the milling tool.,milling tool,tool degradation,High
105,2025-11-11,M-012,TECH-08,Operator reported blunt tool causing poor finish originating from the blade.,blade,blunt tool causing poor finish,High
106,2025-07-23,M-050,TECH-12,Log entry: worn cutting edge reported for milling tool during shift inspection.  Escalated to shift supervisor.,milling tool,worn cutting edge,High
107,2025-05-26,M-008,TECH-04,"Preventive check: power failure detected, electrical panel scheduled for review.  Recommend scheduling maintenance.",electrical panel,power failure,High
108,2025-04-21,M-041,TECH-14,"Preventive check: power failure detected, inverter scheduled for review.  Logged for next scheduled downtime.",inverter,power failure,High
109,2025-12-04,M-050,TECH-05,Maintenance check revealed shaft deformation affecting the coupling.  Parts ordered for replacement.,coupling,shaft deformation,High
110,2025-02-14,M-009,TECH-08,Alert triggered due to voltage fluctuation at the inverter.,inverter,voltage fluctuation,High
111,2025-12-16,M-045,TECH-15,"Maintenance check revealed scheduled inspection completed affecting the valve.  Monitored, no immediate action taken.",valve,scheduled inspection completed,Low
112,2025-04-13,M-045,TECH-04,"Machine is showing no repeatable cause identified and the sensor module needs replacement.  Monitored, no immediate action taken.",sensor module,no repeatable cause identified,Low
113,2025-09-17,M-006,TECH-02,Power supply unit inspection found voltage fluctuation; recommend follow-up.,power supply unit,voltage fluctuation,High
114,2025-03-28,M-039,TECH-08,Maintenance check revealed abnormal current draw affecting the electrical panel.,electrical panel,abnormal current draw,High
115,2025-04-17,M-006,TECH-01,Maintenance check revealed rising process temperature affecting the cooling fan.  Parts ordered for replacement.,cooling fan,rising process temperature,Medium
116,2025-11-11,M-013,TECH-09,"Preventive check: intermittent fault detected, control unit scheduled for review.  Monitored, no immediate action taken.",control unit,intermittent fault,Low
117,2025-03-21,M-022,TECH-05,Operator reported minor vibration noted originating from the sensor.  Parts ordered for replacement.,sensor,minor vibration noted,Medium
118,2025-03-09,M-029,TECH-13,Alert triggered due to shaft deformation at the bearing.  Escalated to shift supervisor.,bearing,shaft deformation,Medium
119,2025-05-14,M-003,TECH-02,Technician noted calibration check passed while servicing the lubrication line.  Logged for next scheduled downtime.,lubrication line,calibration check passed,Low
120,2025-10-31,M-059,TECH-07,Operator reported scheduled inspection completed originating from the pump.,pump,scheduled inspection completed,Medium
121,2025-07-21,M-044,TECH-12,Operator reported blunt tool causing poor finish originating from the tool holder.,tool holder,blunt tool causing poor finish,High
122,2025-08-27,M-009,TECH-02,"Machine is showing overheating and the heat sink needs replacement.  Monitored, no immediate action taken.",heat sink,overheating,High
123,2025-09-09,M-027,TECH-11,Technician noted scheduled inspection completed while servicing the lubrication line.  Logged for next scheduled downtime.,lubrication line,scheduled inspection completed,Low
124,2025-08-31,M-060,TECH-15,"During inspection, tool wear beyond threshold was observed near the drill bit.",drill bit,tool wear beyond threshold,Medium
125,2025-12-08,M-010,TECH-15,Operator reported abnormal current draw originating from the electrical panel.  Parts ordered for replacement.,electrical panel,abnormal current draw,High
126,2025-12-28,M-031,TECH-14,Machine is showing no repeatable cause identified and the unknown component needs replacement.  Escalated to shift supervisor.,unknown component,no repeatable cause identified,Medium
127,2025-10-09,M-026,TECH-10,"During inspection, no issue found was observed near the sensor.",sensor,no issue found,Low
128,2025-04-28,M-049,TECH-01,"Technician noted abnormal current draw while servicing the motor.  Monitored, no immediate action taken.",motor,abnormal current draw,High
129,2025-06-21,M-038,TECH-03,Maintenance check revealed fan not spinning at rated speed affecting the ventilation duct.,ventilation duct,fan not spinning at rated speed,Medium
130,2025-10-07,M-027,TECH-12,Maintenance check revealed structural stress cracking affecting the gearbox.  Recommend scheduling maintenance.,gearbox,structural stress cracking,High
131,2025-01-02,M-035,TECH-04,"Preventive check: tool degradation detected, milling tool scheduled for review.",milling tool,tool degradation,High
132,2025-06-15,M-009,TECH-12,"Alert triggered due to structural stress cracking at the bearing.  Monitored, no immediate action taken.",bearing,structural stress cracking,Medium
133,2025-08-23,M-059,TECH-07,Technician noted poor heat dissipation while servicing the coolant pump.  Parts ordered for replacement.,coolant pump,poor heat dissipation,Medium
134,2025-03-02,M-046,TECH-05,Technician noted torque beyond rated limit while servicing the gearbox.  Recommend scheduling maintenance.,gearbox,torque beyond rated limit,High
135,2025-07-31,M-054,TECH-08,Operator reported worn cutting edge originating from the cutting tool.,cutting tool,worn cutting edge,High
136,2025-07-17,M-032,TECH-02,"During inspection, fan not spinning at rated speed was observed near the radiator.  Escalated to shift supervisor.",radiator,fan not spinning at rated speed,High
137,2025-03-13,M-054,TECH-05,Milling tool showing signs of blunt tool causing poor finish after extended run time.,milling tool,blunt tool causing poor finish,Medium
138,2025-03-16,M-006,TECH-14,Machine is showing tool degradation and the tool holder needs replacement.  Escalated to shift supervisor.,tool holder,tool degradation,High
139,2025-12-03,M-019,TECH-05,"During inspection, lubrication topped up was observed near the bearing.  Parts ordered for replacement.",bearing,lubrication topped up,Low
140,2025-11-21,M-005,TECH-03,Log entry: scheduled inspection completed reported for bearing during shift inspection.  Parts ordered for replacement.,bearing,scheduled inspection completed,Medium
141,2025-11-27,M-053,TECH-05,"Technician noted overheating while servicing the radiator.  Monitored, no immediate action taken.",radiator,overheating,High
142,2025-06-23,M-042,TECH-10,"During inspection, intermittent fault was observed near the wiring harness.",wiring harness,intermittent fault,Medium
143,2025-02-07,M-030,TECH-01,Maintenance check revealed sudden power loss affecting the electrical panel.,electrical panel,sudden power loss,High
144,2025-04-01,M-016,TECH-07,"Preventive check: sudden power loss detected, electrical panel scheduled for review.  Recommend scheduling maintenance.",electrical panel,sudden power loss,High
145,2025-07-27,M-005,TECH-05,"During inspection, bearing seizure was observed near the coupling.",coupling,bearing seizure,High
146,2025-10-22,M-011,TECH-10,"Preventive check: voltage fluctuation detected, power supply unit scheduled for review.  Logged for next scheduled downtime.",power supply unit,voltage fluctuation,High
147,2025-02-27,M-007,TECH-04,"Routine audit flagged structural stress cracking on the gearbox.  Monitored, no immediate action taken.",gearbox,structural stress cracking,High
148,2025-11-13,M-006,TECH-13,"Log entry: minor leak, monitored reported for pump during shift inspection.  Parts ordered for replacement.",pump,"minor leak, monitored",Low
149,2025-05-11,M-050,TECH-09,Maintenance check revealed tool wear beyond threshold affecting the blade.  Parts ordered for replacement.,blade,tool wear beyond threshold,High
150,2025-02-07,M-023,TECH-09,Lubrication line inspection found calibration check passed; recommend follow-up.,lubrication line,calibration check passed,Low
151,2025-11-30,M-004,TECH-13,Unusual behavior detected: coolant flow restriction linked to the radiator.,radiator,coolant flow restriction,High
152,2025-07-28,M-020,TECH-10,Cooling fan showing signs of poor heat dissipation after extended run time.,cooling fan,poor heat dissipation,High
153,2025-02-08,M-004,TECH-05,Machine is showing overstrain under excessive load and the main shaft needs replacement.,main shaft,overstrain under excessive load,High
154,2025-04-01,M-039,TECH-02,Operator reported motor stalling under load originating from the electrical panel.,electrical panel,motor stalling under load,Medium
155,2025-10-09,M-025,TECH-07,Inverter showing signs of motor stalling under load after extended run time.  Recommend scheduling maintenance.,inverter,motor stalling under load,High
156,2025-06-11,M-046,TECH-12,"Preventive check: bearing seizure detected, coupling scheduled for review.",coupling,bearing seizure,High
157,2025-11-09,M-056,TECH-01,Wiring harness showing signs of intermittent fault after extended run time.  Escalated to shift supervisor.,wiring harness,intermittent fault,Medium
158,2025-06-28,M-006,TECH-08,Technician noted scheduled inspection completed while servicing the sensor.  Logged for next scheduled downtime.,sensor,scheduled inspection completed,Medium
159,2025-08-24,M-022,TECH-04,Drive controller showing signs of sudden power loss after extended run time.  Escalated to shift supervisor.,drive controller,sudden power loss,High
160,2025-09-29,M-019,TECH-05,Unusual behavior detected: coolant flow restriction linked to the radiator.,radiator,coolant flow restriction,High
161,2025-05-02,M-005,TECH-09,Machine is showing slight noise during operation and the bearing needs replacement.  Escalated to shift supervisor.,bearing,slight noise during operation,Low
162,2025-07-29,M-047,TECH-03,"Alert triggered due to power failure at the drive controller.  Monitored, no immediate action taken.",drive controller,power failure,Medium
163,2025-02-09,M-019,TECH-06,Maintenance check revealed voltage fluctuation affecting the electrical panel.,electrical panel,voltage fluctuation,Medium
164,2025-07-22,M-039,TECH-11,"Preventive check: worn cutting edge detected, tool holder scheduled for review.  Monitored, no immediate action taken.",tool holder,worn cutting edge,High
165,2025-06-29,M-014,TECH-09,Log entry: excessive tool wear reported for tool holder during shift inspection.,tool holder,excessive tool wear,Medium
166,2025-05-22,M-041,TECH-08,Drill bit showing signs of worn cutting edge after extended run time.,drill bit,worn cutting edge,Medium
167,2025-05-15,M-029,TECH-05,Alert triggered due to blunt tool causing poor finish at the blade.,blade,blunt tool causing poor finish,Medium
168,2025-10-18,M-051,TECH-07,Log entry: tool wear beyond threshold reported for tool holder during shift inspection.  Parts ordered for replacement.,tool holder,tool wear beyond threshold,High
169,2025-05-17,M-039,TECH-09,Machine is showing voltage fluctuation and the motor needs replacement.  Parts ordered for replacement.,motor,voltage fluctuation,High
170,2025-10-25,M-038,TECH-13,Maintenance check revealed random error code affecting the unknown component.  Recommend scheduling maintenance.,unknown component,random error code,Low
171,2025-03-23,M-054,TECH-09,"Technician noted overstrain under excessive load while servicing the structural frame.  Monitored, no immediate action taken.",structural frame,overstrain under excessive load,High
172,2025-08-21,M-010,TECH-13,"Alert triggered due to rising process temperature at the ventilation duct.  Monitored, no immediate action taken.",ventilation duct,rising process temperature,High
173,2025-05-18,M-018,TECH-05,Operator reported scheduled inspection completed originating from the filter.,filter,scheduled inspection completed,Low
174,2025-09-16,M-001,TECH-05,Coolant pump showing signs of coolant flow restriction after extended run time.,coolant pump,coolant flow restriction,High
175,2025-09-01,M-035,TECH-11,Technician noted slight noise during operation while servicing the pump.  Parts ordered for replacement.,pump,slight noise during operation,Low
176,2025-10-07,M-054,TECH-14,Operator reported torque beyond rated limit originating from the coupling.  Recommend scheduling maintenance.,coupling,torque beyond rated limit,High
177,2025-03-22,M-031,TECH-01,Maintenance check revealed fan not spinning at rated speed affecting the ventilation duct.  Logged for next scheduled downtime.,ventilation duct,fan not spinning at rated speed,Medium
178,2025-09-13,M-040,TECH-13,"Alert triggered due to minor leak, monitored at the lubrication line.  Escalated to shift supervisor.",lubrication line,"minor leak, monitored",Low
179,2025-05-08,M-007,TECH-13,Unusual behavior detected: minor vibration noted linked to the pump.,pump,minor vibration noted,Medium
180,2025-02-22,M-004,TECH-08,Alert triggered due to lubrication topped up at the filter.,filter,lubrication topped up,Low
181,2025-01-27,M-018,TECH-14,Drive controller inspection found power failure; recommend follow-up.,drive controller,power failure,High
182,2025-02-24,M-045,TECH-13,Technician noted bearing seizure while servicing the gearbox.  Parts ordered for replacement.,gearbox,bearing seizure,High
183,2025-04-14,M-056,TECH-01,Operator reported excessive tool wear originating from the cutting tool.,cutting tool,excessive tool wear,High
184,2025-12-04,M-037,TECH-10,Operator reported blunt tool causing poor finish originating from the drill bit.,drill bit,blunt tool causing poor finish,Medium
185,2025-08-27,M-060,TECH-13,Tool holder showing signs of tool wear beyond threshold after extended run time.,tool holder,tool wear beyond threshold,High
186,2025-06-02,M-022,TECH-13,"During inspection, shaft deformation was observed near the coupling.  Parts ordered for replacement.",coupling,shaft deformation,Medium
187,2025-09-01,M-042,TECH-15,Operator reported minor vibration noted originating from the gasket.  Parts ordered for replacement.,gasket,minor vibration noted,Medium
188,2025-12-28,M-053,TECH-11,Routine audit flagged routine wear observed on the pump.,pump,routine wear observed,Low
189,2025-05-28,M-023,TECH-11,Operator reported bearing seizure originating from the bearing.  Recommend scheduling maintenance.,bearing,bearing seizure,High
190,2025-12-25,M-049,TECH-11,Maintenance check revealed abnormal current draw affecting the electrical panel.,electrical panel,abnormal current draw,High
191,2025-04-29,M-049,TECH-08,Machine is showing tool degradation and the drill bit needs replacement.  Recommend scheduling maintenance.,drill bit,tool degradation,High
192,2025-04-29,M-026,TECH-13,Log entry: unexplained shutdown reported for unknown component during shift inspection.,unknown component,unexplained shutdown,Medium
193,2025-06-21,M-040,TECH-15,Maintenance check revealed fan not spinning at rated speed affecting the ventilation duct.,ventilation duct,fan not spinning at rated speed,High
194,2025-01-25,M-019,TECH-06,Pump showing signs of calibration check passed after extended run time.  Recommend scheduling maintenance.,pump,calibration check passed,Low
195,2025-05-15,M-010,TECH-05,"During inspection, torque beyond rated limit was observed near the main shaft.",main shaft,torque beyond rated limit,Medium
196,2025-06-10,M-019,TECH-01,Routine audit flagged overstrain under excessive load on the main shaft.,main shaft,overstrain under excessive load,High
197,2025-04-29,M-023,TECH-08,Maintenance check revealed poor heat dissipation affecting the cooling fan.  Logged for next scheduled downtime.,cooling fan,poor heat dissipation,Medium
198,2025-04-15,M-044,TECH-07,"Unusual behavior detected: blunt tool causing poor finish linked to the tool holder.  Monitored, no immediate action taken.",tool holder,blunt tool causing poor finish,High
199,2025-02-28,M-031,TECH-11,Maintenance check revealed minor vibration noted affecting the filter.,filter,minor vibration noted,Low
200,2025-06-18,M-038,TECH-05,Maintenance check revealed no repeatable cause identified affecting the sensor module.,sensor module,no repeatable cause identified,Low
201,2025-04-06,M-001,TECH-06,Unusual behavior detected: sudden power loss linked to the inverter.,inverter,sudden power loss,High
202,2025-04-23,M-021,TECH-10,Operator reported lubrication topped up originating from the valve.,valve,lubrication topped up,Low
203,2025-04-22,M-060,TECH-15,PLC inspection found intermittent fault; recommend follow-up.  Recommend scheduling maintenance.,PLC,intermittent fault,Medium
204,2025-01-05,M-020,TECH-12,Log entry: power failure reported for inverter during shift inspection.,inverter,power failure,High
205,2025-08-11,M-023,TECH-15,Machine is showing blunt tool causing poor finish and the cutting tool needs replacement.  Escalated to shift supervisor.,cutting tool,blunt tool causing poor finish,Medium
206,2025-05-05,M-031,TECH-14,Technician noted sporadic signal loss while servicing the wiring harness.  Parts ordered for replacement.,wiring harness,sporadic signal loss,Medium
207,2025-02-04,M-003,TECH-03,Operator reported scheduled inspection completed originating from the valve.  Logged for next scheduled downtime.,valve,scheduled inspection completed,Medium
208,2025-07-13,M-024,TECH-10,Log entry: no repeatable cause identified reported for sensor module during shift inspection.  Escalated to shift supervisor.,sensor module,no repeatable cause identified,Low
209,2025-12-12,M-056,TECH-11,Operator reported calibration check passed originating from the belt.  Recommend scheduling maintenance.,belt,calibration check passed,Medium
210,2025-05-23,M-038,TECH-06,Log entry: voltage fluctuation reported for drive controller during shift inspection.  Recommend scheduling maintenance.,drive controller,voltage fluctuation,Medium
211,2025-03-08,M-056,TECH-11,Unusual behavior detected: scheduled inspection completed linked to the lubrication line.,lubrication line,scheduled inspection completed,Low
212,2025-06-10,M-023,TECH-12,Log entry: no issue found reported for gasket during shift inspection.  Parts ordered for replacement.,gasket,no issue found,Low
213,2025-09-28,M-011,TECH-01,Unusual behavior detected: sporadic signal loss linked to the control unit.,control unit,sporadic signal loss,Low
214,2025-11-18,M-013,TECH-14,Gasket showing signs of minor vibration noted after extended run time.  Parts ordered for replacement.,gasket,minor vibration noted,Low
215,2025-02-05,M-048,TECH-12,Alert triggered due to tool degradation at the milling tool.,milling tool,tool degradation,High
216,2025-01-18,M-029,TECH-03,Bearing showing signs of structural stress cracking after extended run time.,bearing,structural stress cracking,High
217,2025-11-12,M-056,TECH-15,Maintenance check revealed tool degradation affecting the milling tool.,milling tool,tool degradation,Medium
218,2025-05-25,M-046,TECH-07,"During inspection, intermittent fault was observed near the sensor module.",sensor module,intermittent fault,Low
219,2025-05-23,M-011,TECH-11,"During inspection, sporadic signal loss was observed near the PLC.  Recommend scheduling maintenance.",PLC,sporadic signal loss,Low
220,2025-11-22,M-028,TECH-06,Routine audit flagged minor vibration noted on the valve.,valve,minor vibration noted,Medium
221,2025-10-09,M-058,TECH-06,Routine audit flagged blunt tool causing poor finish on the drill bit.  Escalated to shift supervisor.,drill bit,blunt tool causing poor finish,High
222,2025-10-29,M-015,TECH-08,"Preventive check: slight noise during operation detected, bearing scheduled for review.  Parts ordered for replacement.",bearing,slight noise during operation,Low
223,2025-07-13,M-001,TECH-02,"Maintenance check revealed voltage fluctuation affecting the drive controller.  Monitored, no immediate action taken.",drive controller,voltage fluctuation,Medium
224,2025-12-24,M-014,TECH-09,"Preventive check: no repeatable cause identified detected, PLC scheduled for review.  Logged for next scheduled downtime.",PLC,no repeatable cause identified,Low
225,2025-12-03,M-037,TECH-01,Log entry: excessive tool wear reported for tool holder during shift inspection.,tool holder,excessive tool wear,High
226,2025-03-01,M-015,TECH-05,Technician noted abnormal current draw while servicing the electrical panel.  Recommend scheduling maintenance.,electrical panel,abnormal current draw,Medium
227,2025-05-01,M-004,TECH-06,"During inspection, fan not spinning at rated speed was observed near the coolant pump.",coolant pump,fan not spinning at rated speed,Medium
228,2025-10-22,M-033,TECH-03,Technician noted bearing seizure while servicing the coupling.  Parts ordered for replacement.,coupling,bearing seizure,High
229,2025-10-16,M-024,TECH-02,Lubrication line inspection found slight noise during operation; recommend follow-up.  Parts ordered for replacement.,lubrication line,slight noise during operation,Low
230,2025-04-01,M-046,TECH-12,Machine is showing unexplained shutdown and the unknown component needs replacement.,unknown component,unexplained shutdown,Low
231,2025-06-07,M-053,TECH-03,Log entry: voltage fluctuation reported for power supply unit during shift inspection.  Logged for next scheduled downtime.,power supply unit,voltage fluctuation,High
232,2025-06-15,M-044,TECH-15,Operator reported bearing seizure originating from the coupling.  Parts ordered for replacement.,coupling,bearing seizure,High
233,2025-07-07,M-047,TECH-03,Log entry: intermittent fault reported for control unit during shift inspection.,control unit,intermittent fault,High
234,2025-09-10,M-037,TECH-04,Unusual behavior detected: minor vibration noted linked to the valve.,valve,minor vibration noted,Low
235,2025-04-08,M-009,TECH-01,"During inspection, rising process temperature was observed near the radiator.",radiator,rising process temperature,High
236,2025-08-08,M-039,TECH-07,Unusual behavior detected: structural stress cracking linked to the gearbox.,gearbox,structural stress cracking,Medium
237,2025-03-24,M-034,TECH-07,"During inspection, random error code was observed near the control unit.",control unit,random error code,Medium
238,2025-09-13,M-006,TECH-14,Log entry: calibration check passed reported for belt during shift inspection.  Logged for next scheduled downtime.,belt,calibration check passed,Low
239,2025-01-06,M-044,TECH-08,Operator reported unexplained shutdown originating from the wiring harness.  Parts ordered for replacement.,wiring harness,unexplained shutdown,Low
240,2025-01-29,M-004,TECH-02,Log entry: intermittent fault reported for wiring harness during shift inspection.  Parts ordered for replacement.,wiring harness,intermittent fault,Low
241,2025-10-05,M-014,TECH-13,"Machine is showing no issue found and the sensor needs replacement.  Monitored, no immediate action taken.",sensor,no issue found,Low
242,2025-07-30,M-004,TECH-13,"Preventive check: random error code detected, unknown component scheduled for review.",unknown component,random error code,Low
243,2025-12-30,M-038,TECH-03,Routine audit flagged random error code on the wiring harness.  Parts ordered for replacement.,wiring harness,random error code,Low
244,2025-11-27,M-049,TECH-15,Alert triggered due to abnormal current draw at the electrical panel.  Parts ordered for replacement.,electrical panel,abnormal current draw,High
245,2025-01-13,M-054,TECH-06,"Sensor module inspection found intermittent fault; recommend follow-up.  Monitored, no immediate action taken.",sensor module,intermittent fault,Medium
246,2025-07-04,M-018,TECH-14,Maintenance check revealed excessive tool wear affecting the drill bit.  Parts ordered for replacement.,drill bit,excessive tool wear,Medium
247,2025-11-09,M-039,TECH-07,Routine audit flagged routine wear observed on the lubrication line.  Escalated to shift supervisor.,lubrication line,routine wear observed,Low
248,2025-06-30,M-027,TECH-06,Routine audit flagged torque beyond rated limit on the main shaft.  Parts ordered for replacement.,main shaft,torque beyond rated limit,High
249,2025-08-09,M-026,TECH-09,Maintenance check revealed overstrain under excessive load affecting the structural frame.,structural frame,overstrain under excessive load,High
250,2025-05-02,M-056,TECH-02,"During inspection, no issue found was observed near the lubrication line.  Logged for next scheduled downtime.",lubrication line,no issue found,Low
251,2025-07-25,M-035,TECH-08,"During inspection, worn cutting edge was observed near the cutting tool.  Monitored, no immediate action taken.",cutting tool,worn cutting edge,High
252,2025-04-28,M-002,TECH-02,"Log entry: minor leak, monitored reported for bearing during shift inspection.  Monitored, no immediate action taken.",bearing,"minor leak, monitored",Low
253,2025-07-12,M-052,TECH-12,"Preventive check: voltage fluctuation detected, inverter scheduled for review.  Escalated to shift supervisor.",inverter,voltage fluctuation,High
254,2025-10-07,M-048,TECH-07,Maintenance check revealed calibration check passed affecting the bearing.,bearing,calibration check passed,Low
255,2025-06-06,M-034,TECH-12,"During inspection, sudden power loss was observed near the power supply unit.",power supply unit,sudden power loss,Medium
256,2025-07-23,M-023,TECH-12,Bearing showing signs of torque beyond rated limit after extended run time.,bearing,torque beyond rated limit,Medium
257,2025-10-22,M-041,TECH-09,Routine audit flagged calibration check passed on the pump.,pump,calibration check passed,Low
258,2025-02-08,M-045,TECH-02,"Preventive check: shaft deformation detected, structural frame scheduled for review.  Recommend scheduling maintenance.",structural frame,shaft deformation,High
259,2025-04-24,M-001,TECH-01,Operator reported routine wear observed originating from the filter.,filter,routine wear observed,Low
260,2025-10-16,M-010,TECH-03,"During inspection, routine wear observed was observed near the belt.",belt,routine wear observed,Low
261,2025-08-29,M-049,TECH-12,Routine audit flagged no issue found on the bearing.,bearing,no issue found,Medium
262,2025-12-15,M-054,TECH-07,Machine is showing shaft deformation and the structural frame needs replacement.  Parts ordered for replacement.,structural frame,shaft deformation,High
263,2025-06-09,M-010,TECH-05,Operator reported random error code originating from the control unit.  Parts ordered for replacement.,control unit,random error code,Low
264,2025-12-25,M-014,TECH-06,"Sensor module showing signs of no repeatable cause identified after extended run time.  Monitored, no immediate action taken.",sensor module,no repeatable cause identified,Low
265,2025-05-27,M-039,TECH-05,Technician noted shaft deformation while servicing the structural frame.,structural frame,shaft deformation,Medium
266,2025-10-16,M-058,TECH-09,"During inspection, no issue found was observed near the lubrication line.  Monitored, no immediate action taken.",lubrication line,no issue found,Low
267,2025-02-19,M-060,TECH-01,Technician noted voltage fluctuation while servicing the motor.,motor,voltage fluctuation,High
268,2025-11-28,M-044,TECH-04,Unusual behavior detected: overheating linked to the coolant pump.  Logged for next scheduled downtime.,coolant pump,overheating,Medium
269,2025-07-06,M-015,TECH-15,"During inspection, shaft deformation was observed near the gearbox.",gearbox,shaft deformation,Medium
270,2025-11-24,M-034,TECH-11,Routine audit flagged tool wear beyond threshold on the blade.  Parts ordered for replacement.,blade,tool wear beyond threshold,High
271,2025-05-26,M-043,TECH-02,"Preventive check: calibration check passed detected, filter scheduled for review.",filter,calibration check passed,Medium
272,2025-01-01,M-042,TECH-03,"Log entry: overheating reported for cooling fan during shift inspection.  Monitored, no immediate action taken.",cooling fan,overheating,High
273,2025-06-23,M-043,TECH-14,Valve showing signs of minor vibration noted after extended run time.  Recommend scheduling maintenance.,valve,minor vibration noted,Low
274,2025-04-13,M-001,TECH-07,Cooling fan showing signs of poor heat dissipation after extended run time.,cooling fan,poor heat dissipation,High
275,2025-03-20,M-060,TECH-03,Machine is showing motor stalling under load and the inverter needs replacement.,inverter,motor stalling under load,High
276,2025-07-08,M-058,TECH-10,Routine audit flagged structural stress cracking on the gearbox.,gearbox,structural stress cracking,High
277,2025-06-02,M-018,TECH-09,Maintenance check revealed no issue found affecting the valve.  Recommend scheduling maintenance.,valve,no issue found,Low
278,2025-01-10,M-050,TECH-08,"Preventive check: excessive tool wear detected, cutting tool scheduled for review.  Monitored, no immediate action taken.",cutting tool,excessive tool wear,Medium
279,2025-03-05,M-036,TECH-11,"Log entry: poor heat dissipation reported for cooling fan during shift inspection.  Monitored, no immediate action taken.",cooling fan,poor heat dissipation,High
280,2025-04-25,M-005,TECH-15,Main shaft showing signs of shaft deformation after extended run time.,main shaft,shaft deformation,High
281,2025-07-11,M-059,TECH-09,Machine is showing no repeatable cause identified and the wiring harness needs replacement.,wiring harness,no repeatable cause identified,High
282,2025-05-31,M-047,TECH-07,Routine audit flagged sudden power loss on the drive controller.,drive controller,sudden power loss,Medium
283,2025-06-03,M-039,TECH-11,"Preventive check: tool degradation detected, drill bit scheduled for review.",drill bit,tool degradation,High
284,2025-08-03,M-023,TECH-12,"Unusual behavior detected: motor stalling under load linked to the motor.  Monitored, no immediate action taken.",motor,motor stalling under load,High
285,2025-07-27,M-019,TECH-04,Machine is showing calibration check passed and the lubrication line needs replacement.,lubrication line,calibration check passed,Low
286,2025-01-09,M-043,TECH-08,Valve showing signs of minor vibration noted after extended run time.  Logged for next scheduled downtime.,valve,minor vibration noted,Low
287,2025-02-08,M-012,TECH-09,Operator reported no issue found originating from the filter.  Recommend scheduling maintenance.,filter,no issue found,Low
288,2025-12-02,M-049,TECH-08,Machine is showing intermittent fault and the sensor module needs replacement.  Escalated to shift supervisor.,sensor module,intermittent fault,Medium
289,2025-08-26,M-030,TECH-07,Log entry: abnormal current draw reported for power supply unit during shift inspection.,power supply unit,abnormal current draw,High
290,2025-12-07,M-013,TECH-07,Pump inspection found lubrication topped up; recommend follow-up.,pump,lubrication topped up,Low
291,2025-01-17,M-013,TECH-04,Operator reported tool degradation originating from the drill bit.,drill bit,tool degradation,High
292,2025-11-27,M-004,TECH-06,Blade showing signs of worn cutting edge after extended run time.,blade,worn cutting edge,High
293,2025-05-05,M-045,TECH-10,Unusual behavior detected: no repeatable cause identified linked to the wiring harness.  Logged for next scheduled downtime.,wiring harness,no repeatable cause identified,High
294,2025-10-11,M-009,TECH-07,"Maintenance check revealed shaft deformation affecting the structural frame.  Monitored, no immediate action taken.",structural frame,shaft deformation,High
295,2025-05-14,M-002,TECH-06,Alert triggered due to coolant flow restriction at the coolant pump.,coolant pump,coolant flow restriction,Medium
296,2025-07-15,M-038,TECH-13,Operator reported structural stress cracking originating from the main shaft.,main shaft,structural stress cracking,Medium
297,2025-04-20,M-008,TECH-04,Technician noted voltage fluctuation while servicing the inverter.  Parts ordered for replacement.,inverter,voltage fluctuation,Medium
298,2025-04-11,M-046,TECH-08,Unusual behavior detected: abnormal current draw linked to the inverter.,inverter,abnormal current draw,High
299,2025-05-01,M-024,TECH-06,PLC inspection found random error code; recommend follow-up.  Parts ordered for replacement.,PLC,random error code,High
300,2025-07-04,M-048,TECH-10,Operator reported blunt tool causing poor finish originating from the blade.  Logged for next scheduled downtime.,blade,blunt tool causing poor finish,High
301,2025-04-29,M-009,TECH-03,Alert triggered due to no issue found at the filter.,filter,no issue found,Low
302,2025-02-18,M-018,TECH-12,Log entry: voltage fluctuation reported for inverter during shift inspection.  Logged for next scheduled downtime.,inverter,voltage fluctuation,High
303,2025-03-01,M-011,TECH-04,"Preventive check: poor heat dissipation detected, heat sink scheduled for review.",heat sink,poor heat dissipation,High
304,2025-10-16,M-031,TECH-05,Routine audit flagged fan not spinning at rated speed on the radiator.  Parts ordered for replacement.,radiator,fan not spinning at rated speed,Medium
305,2025-07-11,M-060,TECH-14,Technician noted motor stalling under load while servicing the power supply unit.,power supply unit,motor stalling under load,High
306,2025-11-13,M-007,TECH-05,Technician noted excessive tool wear while servicing the blade.,blade,excessive tool wear,Medium
307,2025-03-23,M-001,TECH-08,Alert triggered due to intermittent fault at the control unit.  Escalated to shift supervisor.,control unit,intermittent fault,Low
308,2025-02-12,M-047,TECH-05,Alert triggered due to unexplained shutdown at the control unit.,control unit,unexplained shutdown,Low
309,2025-07-23,M-019,TECH-08,Machine is showing blunt tool causing poor finish and the milling tool needs replacement.  Recommend scheduling maintenance.,milling tool,blunt tool causing poor finish,High
310,2025-12-15,M-055,TECH-10,Technician noted bearing seizure while servicing the main shaft.  Parts ordered for replacement.,main shaft,bearing seizure,Medium
311,2025-02-04,M-001,TECH-07,"During inspection, shaft deformation was observed near the bearing.  Recommend scheduling maintenance.",bearing,shaft deformation,High
312,2025-10-15,M-048,TECH-11,"During inspection, lubrication topped up was observed near the bearing.  Recommend scheduling maintenance.",bearing,lubrication topped up,Medium
313,2025-09-30,M-033,TECH-09,PLC showing signs of random error code after extended run time.  Escalated to shift supervisor.,PLC,random error code,Medium
314,2025-09-26,M-047,TECH-14,Unusual behavior detected: blunt tool causing poor finish linked to the milling tool.  Logged for next scheduled downtime.,milling tool,blunt tool causing poor finish,Medium
315,2025-09-29,M-025,TECH-10,Log entry: routine wear observed reported for gasket during shift inspection.  Escalated to shift supervisor.,gasket,routine wear observed,Low
316,2025-01-09,M-038,TECH-06,Unusual behavior detected: minor vibration noted linked to the belt.  Recommend scheduling maintenance.,belt,minor vibration noted,Low
317,2025-09-05,M-041,TECH-06,Log entry: structural stress cracking reported for coupling during shift inspection.  Recommend scheduling maintenance.,coupling,structural stress cracking,High
318,2025-01-19,M-023,TECH-12,Machine is showing random error code and the wiring harness needs replacement.,wiring harness,random error code,Low
319,2025-07-09,M-044,TECH-02,Operator reported random error code originating from the control unit.  Logged for next scheduled downtime.,control unit,random error code,Medium
320,2025-04-10,M-054,TECH-03,Log entry: tool degradation reported for tool holder during shift inspection.,tool holder,tool degradation,High
321,2025-12-30,M-029,TECH-11,"During inspection, unexplained shutdown was observed near the sensor module.",sensor module,unexplained shutdown,Medium
322,2025-01-31,M-033,TECH-02,Ventilation duct inspection found coolant flow restriction; recommend follow-up.  Parts ordered for replacement.,ventilation duct,coolant flow restriction,Medium
323,2025-05-02,M-042,TECH-01,Technician noted motor stalling under load while servicing the electrical panel.  Recommend scheduling maintenance.,electrical panel,motor stalling under load,High
324,2025-04-19,M-050,TECH-10,Log entry: excessive tool wear reported for blade during shift inspection.  Parts ordered for replacement.,blade,excessive tool wear,High
325,2025-08-29,M-030,TECH-02,Unusual behavior detected: lubrication topped up linked to the lubrication line.  Logged for next scheduled downtime.,lubrication line,lubrication topped up,Low
326,2025-07-14,M-051,TECH-07,Operator reported abnormal current draw originating from the inverter.  Escalated to shift supervisor.,inverter,abnormal current draw,High
327,2025-01-24,M-033,TECH-01,Alert triggered due to scheduled inspection completed at the valve.  Parts ordered for replacement.,valve,scheduled inspection completed,Low
328,2025-03-26,M-005,TECH-02,"Operator reported overheating originating from the cooling fan.  Monitored, no immediate action taken.",cooling fan,overheating,High
329,2025-04-09,M-033,TECH-07,Routine audit flagged torque beyond rated limit on the coupling.  Parts ordered for replacement.,coupling,torque beyond rated limit,Medium
330,2025-10-20,M-042,TECH-04,"Bearing showing signs of minor vibration noted after extended run time.  Monitored, no immediate action taken.",bearing,minor vibration noted,Low
331,2025-08-15,M-011,TECH-12,"Operator reported minor vibration noted originating from the bearing.  Monitored, no immediate action taken.",bearing,minor vibration noted,Low
332,2025-04-19,M-037,TECH-09,Unusual behavior detected: no issue found linked to the bearing.,bearing,no issue found,Low
333,2025-12-19,M-003,TECH-14,Drive controller showing signs of power failure after extended run time.,drive controller,power failure,High
334,2025-03-11,M-005,TECH-04,Pump inspection found lubrication topped up; recommend follow-up.  Recommend scheduling maintenance.,pump,lubrication topped up,Low
335,2025-09-22,M-031,TECH-04,"Preventive check: sudden power loss detected, power supply unit scheduled for review.  Recommend scheduling maintenance.",power supply unit,sudden power loss,High
336,2025-06-24,M-024,TECH-09,Coolant pump showing signs of overheating after extended run time.,coolant pump,overheating,High
337,2025-03-31,M-057,TECH-09,Bearing inspection found torque beyond rated limit; recommend follow-up.  Logged for next scheduled downtime.,bearing,torque beyond rated limit,High
338,2025-10-29,M-015,TECH-11,Alert triggered due to scheduled inspection completed at the valve.  Escalated to shift supervisor.,valve,scheduled inspection completed,Low
339,2025-01-24,M-038,TECH-02,"Machine is showing minor leak, monitored and the bearing needs replacement.  Recommend scheduling maintenance.",bearing,"minor leak, monitored",Low
340,2025-08-13,M-016,TECH-12,Operator reported routine wear observed originating from the valve.,valve,routine wear observed,Low
341,2025-03-23,M-020,TECH-12,"Preventive check: random error code detected, sensor module scheduled for review.  Monitored, no immediate action taken.",sensor module,random error code,Medium
342,2025-12-08,M-045,TECH-04,"During inspection, voltage fluctuation was observed near the power supply unit.  Monitored, no immediate action taken.",power supply unit,voltage fluctuation,High
343,2025-03-24,M-058,TECH-01,"Preventive check: voltage fluctuation detected, motor scheduled for review.  Escalated to shift supervisor.",motor,voltage fluctuation,High
344,2025-10-11,M-054,TECH-13,Maintenance check revealed scheduled inspection completed affecting the filter.,filter,scheduled inspection completed,Medium
345,2025-09-02,M-038,TECH-04,Unusual behavior detected: power failure linked to the electrical panel.,electrical panel,power failure,High
346,2025-09-26,M-020,TECH-08,Operator reported fan not spinning at rated speed originating from the heat sink.  Recommend scheduling maintenance.,heat sink,fan not spinning at rated speed,High
347,2025-06-25,M-059,TECH-09,"Operator reported minor leak, monitored originating from the lubrication line.  Logged for next scheduled downtime.",lubrication line,"minor leak, monitored",Low
348,2025-07-01,M-046,TECH-08,Technician noted intermittent fault while servicing the control unit.  Parts ordered for replacement.,control unit,intermittent fault,Medium
349,2025-04-19,M-009,TECH-12,Alert triggered due to bearing seizure at the bearing.  Parts ordered for replacement.,bearing,bearing seizure,Medium
350,2025-10-28,M-026,TECH-12,"During inspection, voltage fluctuation was observed near the inverter.  Parts ordered for replacement.",inverter,voltage fluctuation,High
351,2025-01-23,M-047,TECH-03,"During inspection, power failure was observed near the power supply unit.",power supply unit,power failure,High
352,2025-08-01,M-021,TECH-12,"During inspection, lubrication topped up was observed near the bearing.  Monitored, no immediate action taken.",bearing,lubrication topped up,Low
353,2025-11-26,M-036,TECH-07,"During inspection, scheduled inspection completed was observed near the pump.  Monitored, no immediate action taken.",pump,scheduled inspection completed,Low
354,2025-09-07,M-008,TECH-10,Routine audit flagged torque beyond rated limit on the coupling.,coupling,torque beyond rated limit,Medium
355,2025-12-12,M-015,TECH-15,Routine audit flagged structural stress cracking on the bearing.,bearing,structural stress cracking,Medium
356,2025-12-08,M-032,TECH-09,Maintenance check revealed overheating affecting the coolant pump.  Escalated to shift supervisor.,coolant pump,overheating,High
357,2025-04-16,M-058,TECH-14,"During inspection, sudden power loss was observed near the inverter.  Parts ordered for replacement.",inverter,sudden power loss,High
358,2025-03-14,M-032,TECH-01,Maintenance check revealed slight noise during operation affecting the belt.  Parts ordered for replacement.,belt,slight noise during operation,Low
359,2025-12-25,M-035,TECH-06,Machine is showing coolant flow restriction and the coolant pump needs replacement.  Logged for next scheduled downtime.,coolant pump,coolant flow restriction,High
360,2025-10-27,M-013,TECH-11,Motor inspection found abnormal current draw; recommend follow-up.  Logged for next scheduled downtime.,motor,abnormal current draw,High
361,2025-12-13,M-042,TECH-04,Maintenance check revealed scheduled inspection completed affecting the bearing.  Recommend scheduling maintenance.,bearing,scheduled inspection completed,Medium
362,2025-05-22,M-001,TECH-03,Technician noted excessive tool wear while servicing the drill bit.  Escalated to shift supervisor.,drill bit,excessive tool wear,Medium
363,2025-10-11,M-034,TECH-05,Log entry: routine wear observed reported for pump during shift inspection.  Logged for next scheduled downtime.,pump,routine wear observed,Low
364,2025-04-23,M-010,TECH-07,Structural frame showing signs of torque beyond rated limit after extended run time.,structural frame,torque beyond rated limit,High
365,2025-09-22,M-045,TECH-04,"Preventive check: structural stress cracking detected, main shaft scheduled for review.",main shaft,structural stress cracking,High
366,2025-08-20,M-034,TECH-02,Alert triggered due to blunt tool causing poor finish at the blade.,blade,blunt tool causing poor finish,High
367,2025-07-19,M-054,TECH-10,Unusual behavior detected: fan not spinning at rated speed linked to the heat sink.  Escalated to shift supervisor.,heat sink,fan not spinning at rated speed,Medium
368,2025-08-28,M-037,TECH-15,Alert triggered due to sporadic signal loss at the control unit.,control unit,sporadic signal loss,Low
369,2025-05-04,M-029,TECH-08,Routine audit flagged rising process temperature on the cooling fan.,cooling fan,rising process temperature,High
370,2025-07-13,M-013,TECH-09,Operator reported voltage fluctuation originating from the motor.  Recommend scheduling maintenance.,motor,voltage fluctuation,Medium
371,2025-05-19,M-006,TECH-12,Main shaft inspection found bearing seizure; recommend follow-up.,main shaft,bearing seizure,High
372,2025-10-13,M-002,TECH-01,Technician noted poor heat dissipation while servicing the radiator.  Recommend scheduling maintenance.,radiator,poor heat dissipation,High
373,2025-10-21,M-027,TECH-08,"During inspection, overheating was observed near the cooling fan.",cooling fan,overheating,High
374,2025-01-07,M-002,TECH-02,Technician noted power failure while servicing the power supply unit.  Parts ordered for replacement.,power supply unit,power failure,High
375,2025-10-21,M-048,TECH-02,Unusual behavior detected: power failure linked to the drive controller.  Recommend scheduling maintenance.,drive controller,power failure,High
376,2025-05-17,M-056,TECH-14,Maintenance check revealed overheating affecting the coolant pump.  Recommend scheduling maintenance.,coolant pump,overheating,Medium
377,2025-06-13,M-051,TECH-09,Lubrication line showing signs of minor vibration noted after extended run time.  Parts ordered for replacement.,lubrication line,minor vibration noted,Medium
378,2025-09-22,M-015,TECH-13,Machine is showing routine wear observed and the valve needs replacement.,valve,routine wear observed,Low
379,2025-01-23,M-002,TECH-04,Milling tool showing signs of tool wear beyond threshold after extended run time.  Parts ordered for replacement.,milling tool,tool wear beyond threshold,High
380,2025-05-16,M-030,TECH-05,Belt showing signs of routine wear observed after extended run time.  Recommend scheduling maintenance.,belt,routine wear observed,Medium
381,2025-08-04,M-031,TECH-06,Cooling fan showing signs of coolant flow restriction after extended run time.,cooling fan,coolant flow restriction,High
382,2025-12-20,M-058,TECH-03,"Alert triggered due to overheating at the radiator.  Monitored, no immediate action taken.",radiator,overheating,High
383,2025-04-30,M-050,TECH-10,Routine audit flagged no issue found on the bearing.  Escalated to shift supervisor.,bearing,no issue found,Low
384,2025-10-11,M-027,TECH-12,Maintenance check revealed minor vibration noted affecting the gasket.  Recommend scheduling maintenance.,gasket,minor vibration noted,Low
385,2025-04-16,M-046,TECH-04,Technician noted calibration check passed while servicing the filter.,filter,calibration check passed,Low
386,2025-07-02,M-032,TECH-04,Pump inspection found lubrication topped up; recommend follow-up.  Logged for next scheduled downtime.,pump,lubrication topped up,Low
387,2025-03-08,M-011,TECH-02,Technician noted power failure while servicing the inverter.  Parts ordered for replacement.,inverter,power failure,High
388,2025-02-27,M-038,TECH-07,Unknown component inspection found intermittent fault; recommend follow-up.,unknown component,intermittent fault,Medium
389,2025-08-27,M-053,TECH-05,Unknown component showing signs of intermittent fault after extended run time.  Parts ordered for replacement.,unknown component,intermittent fault,Medium
390,2025-12-29,M-005,TECH-05,PLC inspection found intermittent fault; recommend follow-up.,PLC,intermittent fault,Medium
391,2025-10-24,M-032,TECH-06,PLC inspection found random error code; recommend follow-up.,PLC,random error code,Medium
392,2025-01-17,M-043,TECH-05,Technician noted torque beyond rated limit while servicing the bearing.,bearing,torque beyond rated limit,High
393,2025-07-09,M-043,TECH-08,Log entry: blunt tool causing poor finish reported for cutting tool during shift inspection.,cutting tool,blunt tool causing poor finish,Medium
394,2025-12-09,M-034,TECH-04,Routine audit flagged bearing seizure on the main shaft.  Parts ordered for replacement.,main shaft,bearing seizure,Medium
395,2025-10-20,M-024,TECH-11,Routine audit flagged slight noise during operation on the filter.  Recommend scheduling maintenance.,filter,slight noise during operation,Low
396,2025-11-11,M-022,TECH-10,Alert triggered due to scheduled inspection completed at the pump.,pump,scheduled inspection completed,Low
397,2025-10-10,M-006,TECH-09,Heat sink inspection found fan not spinning at rated speed; recommend follow-up.  Recommend scheduling maintenance.,heat sink,fan not spinning at rated speed,High
398,2025-11-07,M-002,TECH-15,"During inspection, unexplained shutdown was observed near the PLC.  Monitored, no immediate action taken.",PLC,unexplained shutdown,Low
399,2025-04-28,M-031,TECH-02,Technician noted routine wear observed while servicing the valve.,valve,routine wear observed,Medium
400,2025-03-10,M-023,TECH-12,Machine is showing tool degradation and the tool holder needs replacement.  Parts ordered for replacement.,tool holder,tool degradation,High
401,2025-01-07,M-016,TECH-01,Routine audit flagged slight noise during operation on the lubrication line.  Escalated to shift supervisor.,lubrication line,slight noise during operation,Low
402,2025-12-15,M-011,TECH-06,"Preventive check: torque beyond rated limit detected, structural frame scheduled for review.  Recommend scheduling maintenance.",structural frame,torque beyond rated limit,Medium
403,2025-11-26,M-018,TECH-06,Unusual behavior detected: sudden power loss linked to the inverter.,inverter,sudden power loss,High
404,2025-02-12,M-021,TECH-09,Lubrication line showing signs of calibration check passed after extended run time.  Recommend scheduling maintenance.,lubrication line,calibration check passed,Low
405,2025-08-31,M-016,TECH-02,"Unusual behavior detected: abnormal current draw linked to the motor.  Monitored, no immediate action taken.",motor,abnormal current draw,High
406,2025-01-21,M-038,TECH-10,"Log entry: minor leak, monitored reported for filter during shift inspection.  Recommend scheduling maintenance.",filter,"minor leak, monitored",Low
407,2025-01-01,M-046,TECH-11,Unusual behavior detected: poor heat dissipation linked to the coolant pump.  Logged for next scheduled downtime.,coolant pump,poor heat dissipation,High
408,2025-03-18,M-016,TECH-02,Maintenance check revealed coolant flow restriction affecting the heat sink.  Parts ordered for replacement.,heat sink,coolant flow restriction,High
409,2025-07-21,M-028,TECH-05,"During inspection, blunt tool causing poor finish was observed near the milling tool.  Recommend scheduling maintenance.",milling tool,blunt tool causing poor finish,High
410,2025-04-08,M-035,TECH-07,"Preventive check: blunt tool causing poor finish detected, drill bit scheduled for review.  Recommend scheduling maintenance.",drill bit,blunt tool causing poor finish,Medium
411,2025-10-02,M-052,TECH-03,"During inspection, no issue found was observed near the gasket.  Recommend scheduling maintenance.",gasket,no issue found,Low
412,2025-05-24,M-004,TECH-02,Alert triggered due to no issue found at the filter.  Logged for next scheduled downtime.,filter,no issue found,Low
413,2025-11-19,M-030,TECH-07,Routine audit flagged minor vibration noted on the gasket.,gasket,minor vibration noted,Low
414,2025-05-17,M-022,TECH-05,"Tool holder showing signs of tool degradation after extended run time.  Monitored, no immediate action taken.",tool holder,tool degradation,High
415,2025-08-03,M-049,TECH-07,"Unusual behavior detected: minor leak, monitored linked to the bearing.  Monitored, no immediate action taken.",bearing,"minor leak, monitored",Low
416,2025-08-26,M-032,TECH-09,"Radiator inspection found fan not spinning at rated speed; recommend follow-up.  Monitored, no immediate action taken.",radiator,fan not spinning at rated speed,High
417,2025-09-27,M-043,TECH-08,Machine is showing tool degradation and the cutting tool needs replacement.  Parts ordered for replacement.,cutting tool,tool degradation,Medium
418,2025-12-16,M-024,TECH-02,Log entry: torque beyond rated limit reported for bearing during shift inspection.  Escalated to shift supervisor.,bearing,torque beyond rated limit,High
419,2025-08-11,M-040,TECH-03,Technician noted rising process temperature while servicing the ventilation duct.  Escalated to shift supervisor.,ventilation duct,rising process temperature,Medium
420,2025-10-17,M-043,TECH-12,Alert triggered due to abnormal current draw at the inverter.  Recommend scheduling maintenance.,inverter,abnormal current draw,High
421,2025-01-31,M-019,TECH-11,Lubrication line inspection found slight noise during operation; recommend follow-up.  Escalated to shift supervisor.,lubrication line,slight noise during operation,Medium
422,2025-10-19,M-025,TECH-03,"During inspection, structural stress cracking was observed near the bearing.  Monitored, no immediate action taken.",bearing,structural stress cracking,High
423,2025-07-02,M-003,TECH-11,Operator reported tool wear beyond threshold originating from the milling tool.,milling tool,tool wear beyond threshold,Medium
424,2025-09-20,M-031,TECH-11,Electrical panel showing signs of sudden power loss after extended run time.,electrical panel,sudden power loss,Medium
425,2025-03-20,M-052,TECH-06,Technician noted motor stalling under load while servicing the electrical panel.,electrical panel,motor stalling under load,High
426,2025-03-04,M-034,TECH-12,Machine is showing no repeatable cause identified and the control unit needs replacement.,control unit,no repeatable cause identified,Low
427,2025-09-28,M-012,TECH-13,Maintenance check revealed worn cutting edge affecting the drill bit.  Logged for next scheduled downtime.,drill bit,worn cutting edge,High
428,2025-04-03,M-019,TECH-11,Drill bit inspection found excessive tool wear; recommend follow-up.  Logged for next scheduled downtime.,drill bit,excessive tool wear,High
429,2025-12-13,M-023,TECH-11,"Maintenance check revealed minor leak, monitored affecting the belt.  Logged for next scheduled downtime.",belt,"minor leak, monitored",Low
430,2025-02-22,M-046,TECH-05,"During inspection, tool wear beyond threshold was observed near the milling tool.  Logged for next scheduled downtime.",milling tool,tool wear beyond threshold,High
431,2025-07-31,M-049,TECH-10,Unusual behavior detected: torque beyond rated limit linked to the structural frame.,structural frame,torque beyond rated limit,High
432,2025-12-29,M-021,TECH-08,Wiring harness showing signs of sporadic signal loss after extended run time.  Recommend scheduling maintenance.,wiring harness,sporadic signal loss,Medium
433,2025-01-11,M-042,TECH-05,Routine audit flagged voltage fluctuation on the power supply unit.,power supply unit,voltage fluctuation,High
434,2025-02-04,M-017,TECH-13,"Maintenance check revealed tool wear beyond threshold affecting the blade.  Monitored, no immediate action taken.",blade,tool wear beyond threshold,Medium
435,2025-05-02,M-037,TECH-08,Technician noted worn cutting edge while servicing the milling tool.,milling tool,worn cutting edge,Medium
436,2025-11-03,M-049,TECH-02,Cooling fan showing signs of fan not spinning at rated speed after extended run time.,cooling fan,fan not spinning at rated speed,Medium
437,2025-05-15,M-006,TECH-02,Routine audit flagged excessive tool wear on the cutting tool.  Parts ordered for replacement.,cutting tool,excessive tool wear,High
438,2025-05-27,M-046,TECH-09,Operator reported coolant flow restriction originating from the heat sink.,heat sink,coolant flow restriction,Medium
439,2025-10-29,M-043,TECH-02,"Structural frame inspection found shaft deformation; recommend follow-up.  Monitored, no immediate action taken.",structural frame,shaft deformation,High
440,2025-03-25,M-016,TECH-05,Unusual behavior detected: overstrain under excessive load linked to the main shaft.,main shaft,overstrain under excessive load,High
441,2025-12-04,M-047,TECH-02,Maintenance check revealed worn cutting edge affecting the blade.  Escalated to shift supervisor.,blade,worn cutting edge,High
442,2025-06-22,M-017,TECH-07,Log entry: random error code reported for wiring harness during shift inspection.  Escalated to shift supervisor.,wiring harness,random error code,Low
443,2025-09-11,M-027,TECH-14,"During inspection, overheating was observed near the coolant pump.  Parts ordered for replacement.",coolant pump,overheating,High
444,2025-12-19,M-051,TECH-15,"Log entry: routine wear observed reported for valve during shift inspection.  Monitored, no immediate action taken.",valve,routine wear observed,Medium
445,2025-07-30,M-059,TECH-08,"Preventive check: power failure detected, drive controller scheduled for review.  Recommend scheduling maintenance.",drive controller,power failure,High
446,2025-09-29,M-049,TECH-13,Maintenance check revealed coolant flow restriction affecting the coolant pump.,coolant pump,coolant flow restriction,High
447,2025-10-25,M-025,TECH-02,Alert triggered due to abnormal current draw at the electrical panel.  Recommend scheduling maintenance.,electrical panel,abnormal current draw,High
448,2025-04-27,M-040,TECH-09,Unusual behavior detected: no repeatable cause identified linked to the sensor module.  Escalated to shift supervisor.,sensor module,no repeatable cause identified,High
449,2025-02-13,M-038,TECH-02,Inverter showing signs of sudden power loss after extended run time.  Logged for next scheduled downtime.,inverter,sudden power loss,High
450,2025-10-05,M-053,TECH-02,"Routine audit flagged no repeatable cause identified on the unknown component.  Monitored, no immediate action taken.",unknown component,no repeatable cause identified,Low
451,2025-11-29,M-014,TECH-08,Maintenance check revealed overheating affecting the cooling fan.,cooling fan,overheating,High
452,2025-06-01,M-042,TECH-12,"Preventive check: coolant flow restriction detected, coolant pump scheduled for review.  Escalated to shift supervisor.",coolant pump,coolant flow restriction,Medium
453,2025-07-12,M-028,TECH-15,"Filter inspection found no issue found; recommend follow-up.  Monitored, no immediate action taken.",filter,no issue found,Low
454,2025-04-16,M-002,TECH-05,"During inspection, fan not spinning at rated speed was observed near the coolant pump.",coolant pump,fan not spinning at rated speed,High
455,2025-04-14,M-007,TECH-01,Technician noted excessive tool wear while servicing the blade.,blade,excessive tool wear,Medium
456,2025-12-20,M-018,TECH-01,Log entry: routine wear observed reported for pump during shift inspection.  Parts ordered for replacement.,pump,routine wear observed,Medium
457,2025-06-22,M-002,TECH-07,Technician noted calibration check passed while servicing the filter.  Logged for next scheduled downtime.,filter,calibration check passed,Low
458,2025-09-13,M-018,TECH-15,Unusual behavior detected: abnormal current draw linked to the drive controller.,drive controller,abnormal current draw,Medium
459,2025-07-05,M-020,TECH-12,Routine audit flagged poor heat dissipation on the cooling fan.  Escalated to shift supervisor.,cooling fan,poor heat dissipation,High
460,2025-08-25,M-014,TECH-10,"During inspection, random error code was observed near the sensor module.",sensor module,random error code,Low
461,2025-02-12,M-023,TECH-15,Power supply unit showing signs of sudden power loss after extended run time.,power supply unit,sudden power loss,High
462,2025-09-22,M-007,TECH-06,Alert triggered due to poor heat dissipation at the ventilation duct.  Recommend scheduling maintenance.,ventilation duct,poor heat dissipation,High
463,2025-10-04,M-007,TECH-03,Operator reported tool wear beyond threshold originating from the milling tool.  Logged for next scheduled downtime.,milling tool,tool wear beyond threshold,High
464,2025-04-16,M-008,TECH-11,Alert triggered due to scheduled inspection completed at the filter.  Logged for next scheduled downtime.,filter,scheduled inspection completed,Low
465,2025-08-31,M-032,TECH-03,Routine audit flagged unexplained shutdown on the unknown component.  Logged for next scheduled downtime.,unknown component,unexplained shutdown,High
466,2025-08-11,M-006,TECH-08,Machine is showing calibration check passed and the pump needs replacement.,pump,calibration check passed,Low
467,2025-11-06,M-012,TECH-07,Routine audit flagged overheating on the cooling fan.,cooling fan,overheating,High
468,2025-03-23,M-026,TECH-13,Operator reported intermittent fault originating from the sensor module.  Recommend scheduling maintenance.,sensor module,intermittent fault,Medium
469,2025-03-13,M-037,TECH-13,Log entry: intermittent fault reported for unknown component during shift inspection.  Recommend scheduling maintenance.,unknown component,intermittent fault,High
470,2025-06-29,M-038,TECH-09,Operator reported calibration check passed originating from the valve.  Logged for next scheduled downtime.,valve,calibration check passed,Low
471,2025-08-21,M-053,TECH-04,Unusual behavior detected: calibration check passed linked to the filter.,filter,calibration check passed,Medium
472,2025-10-16,M-030,TECH-13,Belt showing signs of scheduled inspection completed after extended run time.  Logged for next scheduled downtime.,belt,scheduled inspection completed,Medium
473,2025-09-14,M-014,TECH-05,"During inspection, intermittent fault was observed near the unknown component.  Recommend scheduling maintenance.",unknown component,intermittent fault,Low
474,2025-12-21,M-014,TECH-15,Machine is showing routine wear observed and the valve needs replacement.  Recommend scheduling maintenance.,valve,routine wear observed,Medium
475,2025-12-05,M-020,TECH-07,Maintenance check revealed calibration check passed affecting the sensor.,sensor,calibration check passed,Low
476,2025-12-17,M-033,TECH-15,Routine audit flagged overstrain under excessive load on the gearbox.  Escalated to shift supervisor.,gearbox,overstrain under excessive load,High
477,2025-08-20,M-014,TECH-11,Operator reported no repeatable cause identified originating from the unknown component.  Parts ordered for replacement.,unknown component,no repeatable cause identified,Medium
478,2025-04-29,M-020,TECH-05,"Routine audit flagged lubrication topped up on the pump.  Monitored, no immediate action taken.",pump,lubrication topped up,Low
479,2025-12-25,M-026,TECH-14,Alert triggered due to motor stalling under load at the motor.,motor,motor stalling under load,High
480,2025-02-17,M-057,TECH-12,"Routine audit flagged lubrication topped up on the gasket.  Monitored, no immediate action taken.",gasket,lubrication topped up,Low
481,2025-03-09,M-058,TECH-15,Maintenance check revealed random error code affecting the unknown component.,unknown component,random error code,Low
482,2025-01-30,M-040,TECH-02,Machine is showing worn cutting edge and the drill bit needs replacement.,drill bit,worn cutting edge,Medium
483,2025-01-01,M-036,TECH-14,Pump inspection found scheduled inspection completed; recommend follow-up.  Parts ordered for replacement.,pump,scheduled inspection completed,Low
484,2025-07-22,M-025,TECH-04,Radiator showing signs of overheating after extended run time.  Parts ordered for replacement.,radiator,overheating,High
485,2025-10-14,M-009,TECH-15,Technician noted rising process temperature while servicing the ventilation duct.  Escalated to shift supervisor.,ventilation duct,rising process temperature,High
486,2025-12-05,M-032,TECH-15,Technician noted routine wear observed while servicing the lubrication line.  Logged for next scheduled downtime.,lubrication line,routine wear observed,Low
487,2025-05-27,M-035,TECH-03,"During inspection, rising process temperature was observed near the radiator.",radiator,rising process temperature,Medium
488,2025-06-22,M-052,TECH-02,Alert triggered due to poor heat dissipation at the radiator.,radiator,poor heat dissipation,Medium
489,2025-08-11,M-039,TECH-15,Lubrication line showing signs of minor vibration noted after extended run time.,lubrication line,minor vibration noted,Low
490,2025-12-24,M-018,TECH-11,"Unusual behavior detected: fan not spinning at rated speed linked to the heat sink.  Monitored, no immediate action taken.",heat sink,fan not spinning at rated speed,High
491,2025-03-20,M-039,TECH-07,Log entry: lubrication topped up reported for bearing during shift inspection.,bearing,lubrication topped up,Medium
492,2025-07-29,M-034,TECH-07,"Preventive check: no issue found detected, belt scheduled for review.  Logged for next scheduled downtime.",belt,no issue found,Low
493,2025-07-14,M-012,TECH-03,"Preventive check: routine wear observed detected, valve scheduled for review.  Parts ordered for replacement.",valve,routine wear observed,Low
494,2025-03-23,M-012,TECH-14,"During inspection, no repeatable cause identified was observed near the control unit.  Monitored, no immediate action taken.",control unit,no repeatable cause identified,Low
495,2025-11-07,M-031,TECH-14,Unusual behavior detected: fan not spinning at rated speed linked to the radiator.  Parts ordered for replacement.,radiator,fan not spinning at rated speed,High
496,2025-09-06,M-035,TECH-13,"Unusual behavior detected: minor leak, monitored linked to the bearing.  Logged for next scheduled downtime.",bearing,"minor leak, monitored",Medium
497,2025-06-16,M-016,TECH-03,"During inspection, no repeatable cause identified was observed near the unknown component.",unknown component,no repeatable cause identified,High
498,2025-10-08,M-011,TECH-01,"Technician noted slight noise during operation while servicing the sensor.  Monitored, no immediate action taken.",sensor,slight noise during operation,Low
499,2025-04-01,M-020,TECH-06,Operator reported intermittent fault originating from the wiring harness.,wiring harness,intermittent fault,High
500,2025-04-11,M-059,TECH-04,Technician noted voltage fluctuation while servicing the motor.,motor,voltage fluctuation,Medium
501,2025-11-25,M-008,TECH-08,"During inspection, motor stalling under load was observed near the electrical panel.",electrical panel,motor stalling under load,High
502,2025-06-16,M-016,TECH-04,"During inspection, overstrain under excessive load was observed near the main shaft.",main shaft,overstrain under excessive load,High
503,2025-06-27,M-019,TECH-14,"Machine is showing abnormal current draw and the power supply unit needs replacement.  Monitored, no immediate action taken.",power supply unit,abnormal current draw,Medium
504,2025-04-01,M-057,TECH-04,"Maintenance check revealed random error code affecting the unknown component.  Monitored, no immediate action taken.",unknown component,random error code,Medium
505,2025-03-05,M-039,TECH-14,Operator reported no repeatable cause identified originating from the sensor module.  Parts ordered for replacement.,sensor module,no repeatable cause identified,High
506,2025-12-21,M-006,TECH-12,Operator reported shaft deformation originating from the main shaft.  Recommend scheduling maintenance.,main shaft,shaft deformation,High
507,2025-09-15,M-058,TECH-05,"Machine is showing bearing seizure and the main shaft needs replacement.  Monitored, no immediate action taken.",main shaft,bearing seizure,Medium
508,2025-08-07,M-005,TECH-11,Structural frame showing signs of bearing seizure after extended run time.  Parts ordered for replacement.,structural frame,bearing seizure,Medium
509,2025-05-10,M-055,TECH-15,"Preventive check: no repeatable cause identified detected, PLC scheduled for review.  Logged for next scheduled downtime.",PLC,no repeatable cause identified,High
510,2025-04-03,M-044,TECH-02,Operator reported coolant flow restriction originating from the coolant pump.  Logged for next scheduled downtime.,coolant pump,coolant flow restriction,High
511,2025-03-16,M-009,TECH-12,"During inspection, no repeatable cause identified was observed near the unknown component.",unknown component,no repeatable cause identified,Low
512,2025-07-29,M-045,TECH-09,Log entry: no repeatable cause identified reported for sensor module during shift inspection.  Recommend scheduling maintenance.,sensor module,no repeatable cause identified,Low
513,2025-02-21,M-044,TECH-12,"During inspection, unexplained shutdown was observed near the unknown component.  Escalated to shift supervisor.",unknown component,unexplained shutdown,Medium
514,2025-08-20,M-026,TECH-14,Operator reported no issue found originating from the sensor.,sensor,no issue found,Medium
515,2025-03-05,M-028,TECH-13,Alert triggered due to random error code at the control unit.  Logged for next scheduled downtime.,control unit,random error code,Low
516,2025-09-06,M-032,TECH-07,Ventilation duct inspection found fan not spinning at rated speed; recommend follow-up.,ventilation duct,fan not spinning at rated speed,High
517,2025-10-06,M-041,TECH-13,Pump showing signs of scheduled inspection completed after extended run time.  Recommend scheduling maintenance.,pump,scheduled inspection completed,Low
518,2025-05-10,M-042,TECH-10,Operator reported tool degradation originating from the tool holder.  Parts ordered for replacement.,tool holder,tool degradation,Medium
519,2025-04-24,M-016,TECH-11,Unusual behavior detected: torque beyond rated limit linked to the bearing.,bearing,torque beyond rated limit,High
520,2025-04-09,M-003,TECH-03,Maintenance check revealed sudden power loss affecting the drive controller.,drive controller,sudden power loss,Medium
521,2025-07-11,M-051,TECH-03,Alert triggered due to overheating at the coolant pump.  Recommend scheduling maintenance.,coolant pump,overheating,High
522,2025-08-08,M-056,TECH-10,"Routine audit flagged minor leak, monitored on the filter.  Monitored, no immediate action taken.",filter,"minor leak, monitored",Low
523,2025-12-10,M-058,TECH-06,"During inspection, coolant flow restriction was observed near the cooling fan.  Parts ordered for replacement.",cooling fan,coolant flow restriction,High
524,2025-12-22,M-033,TECH-09,Operator reported lubrication topped up originating from the sensor.,sensor,lubrication topped up,Medium
525,2025-03-17,M-024,TECH-01,"During inspection, sporadic signal loss was observed near the unknown component.  Escalated to shift supervisor.",unknown component,sporadic signal loss,Medium
526,2025-09-22,M-050,TECH-01,Routine audit flagged coolant flow restriction on the ventilation duct.,ventilation duct,coolant flow restriction,High
527,2025-06-16,M-039,TECH-10,Unusual behavior detected: routine wear observed linked to the pump.,pump,routine wear observed,Low
528,2025-12-19,M-003,TECH-07,"Preventive check: structural stress cracking detected, gearbox scheduled for review.",gearbox,structural stress cracking,High
529,2025-06-15,M-007,TECH-03,Alert triggered due to voltage fluctuation at the drive controller.  Parts ordered for replacement.,drive controller,voltage fluctuation,High
530,2025-05-01,M-019,TECH-05,Operator reported rising process temperature originating from the heat sink.,heat sink,rising process temperature,Medium
531,2025-12-09,M-043,TECH-02,Routine audit flagged random error code on the PLC.  Logged for next scheduled downtime.,PLC,random error code,High
532,2025-09-23,M-012,TECH-03,Operator reported random error code originating from the PLC.  Parts ordered for replacement.,PLC,random error code,Medium
533,2025-08-30,M-045,TECH-04,PLC showing signs of unexplained shutdown after extended run time.  Parts ordered for replacement.,PLC,unexplained shutdown,Medium
534,2025-11-18,M-040,TECH-02,"Preventive check: overheating detected, ventilation duct scheduled for review.  Logged for next scheduled downtime.",ventilation duct,overheating,High
535,2025-02-10,M-060,TECH-07,Alert triggered due to minor vibration noted at the sensor.,sensor,minor vibration noted,Low
536,2025-07-16,M-004,TECH-05,Operator reported no issue found originating from the belt.,belt,no issue found,Low
537,2025-01-27,M-005,TECH-15,Machine is showing intermittent fault and the sensor module needs replacement.  Escalated to shift supervisor.,sensor module,intermittent fault,Low
538,2025-10-31,M-001,TECH-11,Machine is showing shaft deformation and the coupling needs replacement.  Parts ordered for replacement.,coupling,shaft deformation,High
539,2025-09-06,M-022,TECH-13,Operator reported minor vibration noted originating from the valve.  Recommend scheduling maintenance.,valve,minor vibration noted,Low
540,2025-05-28,M-011,TECH-02,"Unusual behavior detected: structural stress cracking linked to the structural frame.  Monitored, no immediate action taken.",structural frame,structural stress cracking,High
541,2025-11-18,M-057,TECH-01,Radiator showing signs of fan not spinning at rated speed after extended run time.,radiator,fan not spinning at rated speed,High
542,2025-05-23,M-055,TECH-04,Log entry: intermittent fault reported for sensor module during shift inspection.  Parts ordered for replacement.,sensor module,intermittent fault,Medium
543,2025-11-07,M-046,TECH-13,Alert triggered due to random error code at the wiring harness.,wiring harness,random error code,High
544,2025-03-15,M-014,TECH-10,Unusual behavior detected: scheduled inspection completed linked to the bearing.,bearing,scheduled inspection completed,Medium
545,2025-09-16,M-054,TECH-09,"During inspection, routine wear observed was observed near the valve.",valve,routine wear observed,Medium
546,2025-06-11,M-054,TECH-12,Unusual behavior detected: random error code linked to the PLC.  Escalated to shift supervisor.,PLC,random error code,Low
547,2025-08-14,M-014,TECH-05,"During inspection, rising process temperature was observed near the heat sink.",heat sink,rising process temperature,Medium
548,2025-07-23,M-059,TECH-15,Operator reported torque beyond rated limit originating from the structural frame.,structural frame,torque beyond rated limit,High
549,2025-08-24,M-016,TECH-01,"During inspection, shaft deformation was observed near the main shaft.",main shaft,shaft deformation,High
550,2025-07-04,M-059,TECH-11,Alert triggered due to coolant flow restriction at the coolant pump.,coolant pump,coolant flow restriction,High
551,2025-11-04,M-005,TECH-13,Unusual behavior detected: motor stalling under load linked to the power supply unit.  Recommend scheduling maintenance.,power supply unit,motor stalling under load,Medium
552,2025-04-13,M-013,TECH-10,"During inspection, no issue found was observed near the belt.  Logged for next scheduled downtime.",belt,no issue found,Low
553,2025-12-15,M-027,TECH-07,"Machine is showing poor heat dissipation and the cooling fan needs replacement.  Monitored, no immediate action taken.",cooling fan,poor heat dissipation,High
554,2025-11-02,M-060,TECH-08,"Preventive check: blunt tool causing poor finish detected, blade scheduled for review.  Escalated to shift supervisor.",blade,blunt tool causing poor finish,Medium
555,2025-10-14,M-023,TECH-13,Valve showing signs of slight noise during operation after extended run time.,valve,slight noise during operation,Low
556,2025-07-31,M-007,TECH-07,Routine audit flagged lubrication topped up on the lubrication line.,lubrication line,lubrication topped up,Low
557,2025-11-13,M-041,TECH-11,"During inspection, intermittent fault was observed near the unknown component.",unknown component,intermittent fault,Low
558,2025-02-21,M-046,TECH-08,Technician noted slight noise during operation while servicing the filter.  Escalated to shift supervisor.,filter,slight noise during operation,Low
559,2025-09-18,M-011,TECH-08,Alert triggered due to sudden power loss at the electrical panel.,electrical panel,sudden power loss,High
560,2025-01-15,M-041,TECH-04,"Technician noted intermittent fault while servicing the sensor module.  Monitored, no immediate action taken.",sensor module,intermittent fault,Medium
561,2025-07-29,M-013,TECH-06,"Operator reported minor leak, monitored originating from the sensor.",sensor,"minor leak, monitored",Low
562,2025-08-21,M-050,TECH-15,"Preventive check: fan not spinning at rated speed detected, heat sink scheduled for review.  Parts ordered for replacement.",heat sink,fan not spinning at rated speed,Medium
563,2025-02-13,M-006,TECH-05,Electrical panel showing signs of abnormal current draw after extended run time.,electrical panel,abnormal current draw,High
564,2025-10-05,M-038,TECH-15,"Unusual behavior detected: abnormal current draw linked to the electrical panel.  Monitored, no immediate action taken.",electrical panel,abnormal current draw,Medium
565,2025-08-28,M-028,TECH-08,Alert triggered due to abnormal current draw at the power supply unit.  Escalated to shift supervisor.,power supply unit,abnormal current draw,High
566,2025-02-16,M-015,TECH-12,"Bearing showing signs of routine wear observed after extended run time.  Monitored, no immediate action taken.",bearing,routine wear observed,Low
567,2025-07-11,M-012,TECH-07,Log entry: poor heat dissipation reported for coolant pump during shift inspection.  Logged for next scheduled downtime.,coolant pump,poor heat dissipation,Medium
568,2025-04-02,M-015,TECH-06,"Maintenance check revealed no issue found affecting the sensor.  Monitored, no immediate action taken.",sensor,no issue found,Medium
569,2025-09-19,M-032,TECH-08,Log entry: no issue found reported for belt during shift inspection.,belt,no issue found,Low
570,2025-06-29,M-044,TECH-08,"During inspection, excessive tool wear was observed near the cutting tool.",cutting tool,excessive tool wear,Medium
571,2025-09-13,M-050,TECH-10,"Technician noted power failure while servicing the motor.  Monitored, no immediate action taken.",motor,power failure,Medium
572,2025-01-25,M-014,TECH-14,"Preventive check: rising process temperature detected, ventilation duct scheduled for review.",ventilation duct,rising process temperature,High
573,2025-07-01,M-011,TECH-03,Routine audit flagged motor stalling under load on the inverter.  Logged for next scheduled downtime.,inverter,motor stalling under load,High
574,2025-06-30,M-038,TECH-06,"Operator reported coolant flow restriction originating from the heat sink.  Monitored, no immediate action taken.",heat sink,coolant flow restriction,Medium
575,2025-01-19,M-014,TECH-12,"During inspection, worn cutting edge was observed near the tool holder.",tool holder,worn cutting edge,Medium
576,2025-09-22,M-033,TECH-10,Technician noted calibration check passed while servicing the filter.,filter,calibration check passed,Low
577,2025-11-11,M-060,TECH-07,Machine is showing worn cutting edge and the drill bit needs replacement.  Parts ordered for replacement.,drill bit,worn cutting edge,Medium
578,2025-12-31,M-010,TECH-07,"During inspection, slight noise during operation was observed near the sensor.  Monitored, no immediate action taken.",sensor,slight noise during operation,Low
579,2025-08-19,M-019,TECH-14,Routine audit flagged intermittent fault on the wiring harness.  Logged for next scheduled downtime.,wiring harness,intermittent fault,High
580,2025-08-13,M-004,TECH-07,"Preventive check: no issue found detected, valve scheduled for review.",valve,no issue found,Medium
581,2025-08-01,M-031,TECH-08,"During inspection, intermittent fault was observed near the PLC.",PLC,intermittent fault,Low
582,2025-09-05,M-042,TECH-05,"Pump showing signs of minor vibration noted after extended run time.  Monitored, no immediate action taken.",pump,minor vibration noted,Low
583,2025-09-14,M-021,TECH-05,Technician noted sporadic signal loss while servicing the sensor module.  Logged for next scheduled downtime.,sensor module,sporadic signal loss,High
584,2025-06-26,M-036,TECH-09,Unusual behavior detected: no issue found linked to the filter.  Logged for next scheduled downtime.,filter,no issue found,Low
585,2025-09-16,M-043,TECH-10,Routine audit flagged routine wear observed on the bearing.  Logged for next scheduled downtime.,bearing,routine wear observed,Medium
586,2025-03-20,M-039,TECH-09,"During inspection, sudden power loss was observed near the motor.  Monitored, no immediate action taken.",motor,sudden power loss,High
587,2025-04-02,M-054,TECH-05,Coupling inspection found structural stress cracking; recommend follow-up.  Escalated to shift supervisor.,coupling,structural stress cracking,High
588,2025-02-16,M-032,TECH-15,"Log entry: overheating reported for ventilation duct during shift inspection.  Monitored, no immediate action taken.",ventilation duct,overheating,High
589,2025-12-16,M-056,TECH-13,Alert triggered due to no issue found at the filter.,filter,no issue found,Low
590,2025-07-11,M-024,TECH-05,Operator reported coolant flow restriction originating from the ventilation duct.,ventilation duct,coolant flow restriction,Medium
591,2025-06-24,M-051,TECH-02,Maintenance check revealed sudden power loss affecting the motor.  Recommend scheduling maintenance.,motor,sudden power loss,High
592,2025-09-19,M-039,TECH-09,Unusual behavior detected: abnormal current draw linked to the power supply unit.  Escalated to shift supervisor.,power supply unit,abnormal current draw,High
593,2025-11-16,M-044,TECH-09,"Routine audit flagged calibration check passed on the valve.  Monitored, no immediate action taken.",valve,calibration check passed,Low
594,2025-06-06,M-023,TECH-13,Routine audit flagged worn cutting edge on the drill bit.  Logged for next scheduled downtime.,drill bit,worn cutting edge,High
595,2025-01-08,M-011,TECH-02,"Preventive check: no repeatable cause identified detected, unknown component scheduled for review.",unknown component,no repeatable cause identified,Medium
596,2025-09-02,M-004,TECH-05,Unusual behavior detected: calibration check passed linked to the sensor.,sensor,calibration check passed,Low
597,2025-12-04,M-008,TECH-02,Unusual behavior detected: calibration check passed linked to the valve.  Logged for next scheduled downtime.,valve,calibration check passed,Low
598,2025-02-17,M-056,TECH-13,Unusual behavior detected: calibration check passed linked to the valve.,valve,calibration check passed,Medium
599,2025-01-07,M-059,TECH-14,Alert triggered due to lubrication topped up at the pump.  Logged for next scheduled downtime.,pump,lubrication topped up,Medium
600,2025-05-28,M-024,TECH-09,"Alert triggered due to minor leak, monitored at the bearing.  Recommend scheduling maintenance.",bearing,"minor leak, monitored",Low
601,2025-03-07,M-048,TECH-02,Log entry: abnormal current draw reported for inverter during shift inspection.,inverter,abnormal current draw,High
602,2025-01-06,M-005,TECH-11,Technician noted power failure while servicing the drive controller.,drive controller,power failure,High
603,2025-02-04,M-033,TECH-10,Log entry: fan not spinning at rated speed reported for heat sink during shift inspection.  Recommend scheduling maintenance.,heat sink,fan not spinning at rated speed,High
604,2025-03-31,M-007,TECH-15,"Preventive check: shaft deformation detected, coupling scheduled for review.  Recommend scheduling maintenance.",coupling,shaft deformation,Medium
605,2025-04-02,M-039,TECH-03,"During inspection, motor stalling under load was observed near the inverter.",inverter,motor stalling under load,High
606,2025-07-04,M-052,TECH-09,Maintenance check revealed random error code affecting the PLC.,PLC,random error code,Medium
607,2025-07-15,M-057,TECH-02,"Preventive check: blunt tool causing poor finish detected, tool holder scheduled for review.  Logged for next scheduled downtime.",tool holder,blunt tool causing poor finish,High
608,2025-08-30,M-060,TECH-05,Unknown component inspection found no repeatable cause identified; recommend follow-up.  Recommend scheduling maintenance.,unknown component,no repeatable cause identified,Medium
609,2025-11-22,M-020,TECH-11,"Operator reported overheating originating from the heat sink.  Monitored, no immediate action taken.",heat sink,overheating,High
610,2025-06-17,M-014,TECH-14,"Preventive check: no issue found detected, gasket scheduled for review.",gasket,no issue found,Medium
611,2025-07-15,M-035,TECH-07,Log entry: bearing seizure reported for gearbox during shift inspection.,gearbox,bearing seizure,High
612,2025-07-15,M-013,TECH-03,Routine audit flagged rising process temperature on the radiator.,radiator,rising process temperature,Medium
613,2025-05-19,M-054,TECH-01,Machine is showing torque beyond rated limit and the gearbox needs replacement.  Logged for next scheduled downtime.,gearbox,torque beyond rated limit,Medium
614,2025-07-24,M-011,TECH-08,"During inspection, worn cutting edge was observed near the cutting tool.",cutting tool,worn cutting edge,High
615,2025-06-08,M-049,TECH-15,Log entry: overstrain under excessive load reported for structural frame during shift inspection.,structural frame,overstrain under excessive load,High
616,2025-04-28,M-035,TECH-07,"Preventive check: no issue found detected, bearing scheduled for review.  Parts ordered for replacement.",bearing,no issue found,Low
617,2025-10-19,M-013,TECH-05,Routine audit flagged rising process temperature on the coolant pump.  Recommend scheduling maintenance.,coolant pump,rising process temperature,High
618,2025-06-11,M-053,TECH-01,Machine is showing lubrication topped up and the filter needs replacement.  Recommend scheduling maintenance.,filter,lubrication topped up,Medium
619,2025-09-17,M-051,TECH-07,Machine is showing minor vibration noted and the belt needs replacement.,belt,minor vibration noted,Low
620,2025-12-23,M-007,TECH-08,Unusual behavior detected: slight noise during operation linked to the lubrication line.  Logged for next scheduled downtime.,lubrication line,slight noise during operation,Low
621,2025-07-10,M-045,TECH-15,Maintenance check revealed routine wear observed affecting the sensor.  Parts ordered for replacement.,sensor,routine wear observed,Low
622,2025-08-30,M-054,TECH-08,Lubrication line inspection found no issue found; recommend follow-up.  Parts ordered for replacement.,lubrication line,no issue found,Low
623,2025-03-27,M-023,TECH-06,"During inspection, scheduled inspection completed was observed near the lubrication line.  Recommend scheduling maintenance.",lubrication line,scheduled inspection completed,Low
624,2025-01-27,M-013,TECH-06,"Routine audit flagged blunt tool causing poor finish on the blade.  Monitored, no immediate action taken.",blade,blunt tool causing poor finish,Medium
625,2025-08-15,M-049,TECH-15,Routine audit flagged calibration check passed on the belt.  Escalated to shift supervisor.,belt,calibration check passed,Low
626,2025-05-17,M-043,TECH-07,Machine is showing tool wear beyond threshold and the milling tool needs replacement.,milling tool,tool wear beyond threshold,High
627,2025-03-20,M-012,TECH-10,Gasket inspection found slight noise during operation; recommend follow-up.  Recommend scheduling maintenance.,gasket,slight noise during operation,Low
628,2025-11-11,M-049,TECH-03,Technician noted overstrain under excessive load while servicing the structural frame.,structural frame,overstrain under excessive load,Medium
629,2025-01-10,M-036,TECH-09,"Preventive check: blunt tool causing poor finish detected, cutting tool scheduled for review.  Escalated to shift supervisor.",cutting tool,blunt tool causing poor finish,Medium
630,2025-09-25,M-054,TECH-04,"Operator reported rising process temperature originating from the cooling fan.  Monitored, no immediate action taken.",cooling fan,rising process temperature,High
631,2025-01-28,M-021,TECH-04,Inverter inspection found voltage fluctuation; recommend follow-up.,inverter,voltage fluctuation,Medium
632,2025-06-24,M-050,TECH-11,"Alert triggered due to routine wear observed at the bearing.  Monitored, no immediate action taken.",bearing,routine wear observed,Low
633,2025-03-01,M-010,TECH-05,Alert triggered due to overheating at the heat sink.  Parts ordered for replacement.,heat sink,overheating,High
634,2025-03-31,M-027,TECH-04,Heat sink inspection found poor heat dissipation; recommend follow-up.  Logged for next scheduled downtime.,heat sink,poor heat dissipation,Medium
635,2025-09-21,M-009,TECH-04,Log entry: no repeatable cause identified reported for wiring harness during shift inspection.  Recommend scheduling maintenance.,wiring harness,no repeatable cause identified,Medium
636,2025-02-03,M-057,TECH-12,Log entry: abnormal current draw reported for power supply unit during shift inspection.  Parts ordered for replacement.,power supply unit,abnormal current draw,Medium
637,2025-03-12,M-051,TECH-03,"During inspection, minor vibration noted was observed near the filter.  Escalated to shift supervisor.",filter,minor vibration noted,Low
638,2025-03-13,M-006,TECH-04,Blade showing signs of tool degradation after extended run time.,blade,tool degradation,Medium
639,2025-10-13,M-044,TECH-02,"Routine audit flagged no repeatable cause identified on the sensor module.  Monitored, no immediate action taken.",sensor module,no repeatable cause identified,Medium
640,2025-05-09,M-055,TECH-02,"Alert triggered due to lubrication topped up at the filter.  Monitored, no immediate action taken.",filter,lubrication topped up,Medium
641,2025-11-09,M-018,TECH-14,"During inspection, structural stress cracking was observed near the coupling.",coupling,structural stress cracking,High
642,2025-09-19,M-040,TECH-03,Technician noted sudden power loss while servicing the drive controller.  Recommend scheduling maintenance.,drive controller,sudden power loss,High
643,2025-03-05,M-017,TECH-09,Technician noted lubrication topped up while servicing the pump.,pump,lubrication topped up,Low
644,2025-07-27,M-059,TECH-07,"Gasket inspection found minor vibration noted; recommend follow-up.  Monitored, no immediate action taken.",gasket,minor vibration noted,Low
645,2025-11-03,M-029,TECH-02,"Alert triggered due to minor leak, monitored at the sensor.  Logged for next scheduled downtime.",sensor,"minor leak, monitored",Medium
646,2025-04-18,M-029,TECH-05,Machine is showing scheduled inspection completed and the valve needs replacement.,valve,scheduled inspection completed,Low
647,2025-05-30,M-029,TECH-09,Blade showing signs of excessive tool wear after extended run time.,blade,excessive tool wear,High
648,2025-12-05,M-005,TECH-07,Blade showing signs of worn cutting edge after extended run time.,blade,worn cutting edge,Medium
649,2025-03-31,M-035,TECH-05,Operator reported no issue found originating from the bearing.,bearing,no issue found,Medium
650,2025-07-02,M-033,TECH-06,Maintenance check revealed torque beyond rated limit affecting the structural frame.  Logged for next scheduled downtime.,structural frame,torque beyond rated limit,High
651,2025-06-30,M-003,TECH-12,Unusual behavior detected: scheduled inspection completed linked to the pump.  Logged for next scheduled downtime.,pump,scheduled inspection completed,Low
652,2025-06-05,M-028,TECH-08,Maintenance check revealed overstrain under excessive load affecting the main shaft.  Escalated to shift supervisor.,main shaft,overstrain under excessive load,High
653,2025-12-06,M-025,TECH-10,Operator reported tool degradation originating from the blade.,blade,tool degradation,High
654,2025-09-11,M-057,TECH-07,"During inspection, intermittent fault was observed near the sensor module.",sensor module,intermittent fault,Medium
655,2025-11-10,M-039,TECH-10,"Log entry: tool wear beyond threshold reported for cutting tool during shift inspection.  Monitored, no immediate action taken.",cutting tool,tool wear beyond threshold,Medium
656,2025-07-06,M-010,TECH-11,Routine audit flagged rising process temperature on the radiator.,radiator,rising process temperature,High
657,2025-03-28,M-049,TECH-03,Routine audit flagged random error code on the wiring harness.  Escalated to shift supervisor.,wiring harness,random error code,Low
658,2025-01-04,M-004,TECH-06,Log entry: power failure reported for inverter during shift inspection.  Logged for next scheduled downtime.,inverter,power failure,Medium
659,2025-12-16,M-022,TECH-06,Log entry: sudden power loss reported for electrical panel during shift inspection.  Parts ordered for replacement.,electrical panel,sudden power loss,High
660,2025-07-25,M-013,TECH-07,Technician noted fan not spinning at rated speed while servicing the radiator.  Escalated to shift supervisor.,radiator,fan not spinning at rated speed,High
661,2025-05-26,M-047,TECH-01,Technician noted tool degradation while servicing the tool holder.,tool holder,tool degradation,High
662,2025-10-15,M-041,TECH-08,Machine is showing no repeatable cause identified and the sensor module needs replacement.,sensor module,no repeatable cause identified,Low
663,2025-09-29,M-033,TECH-14,"During inspection, overstrain under excessive load was observed near the gearbox.",gearbox,overstrain under excessive load,High
664,2025-09-04,M-049,TECH-03,"Preventive check: tool degradation detected, cutting tool scheduled for review.",cutting tool,tool degradation,High
665,2025-04-07,M-050,TECH-07,Alert triggered due to torque beyond rated limit at the gearbox.  Recommend scheduling maintenance.,gearbox,torque beyond rated limit,Medium
666,2025-06-14,M-050,TECH-05,Technician noted rising process temperature while servicing the radiator.  Escalated to shift supervisor.,radiator,rising process temperature,High
667,2025-10-16,M-046,TECH-06,Power supply unit inspection found power failure; recommend follow-up.  Recommend scheduling maintenance.,power supply unit,power failure,High
668,2025-01-24,M-026,TECH-10,Alert triggered due to fan not spinning at rated speed at the heat sink.  Escalated to shift supervisor.,heat sink,fan not spinning at rated speed,High
669,2025-11-27,M-048,TECH-05,Radiator showing signs of fan not spinning at rated speed after extended run time.  Logged for next scheduled downtime.,radiator,fan not spinning at rated speed,Medium
670,2025-06-26,M-023,TECH-14,Technician noted lubrication topped up while servicing the filter.,filter,lubrication topped up,Low
671,2025-03-01,M-058,TECH-08,Routine audit flagged abnormal current draw on the drive controller.,drive controller,abnormal current draw,Medium
672,2025-08-05,M-049,TECH-11,Maintenance check revealed torque beyond rated limit affecting the gearbox.,gearbox,torque beyond rated limit,High
673,2025-09-19,M-010,TECH-02,Belt showing signs of routine wear observed after extended run time.  Logged for next scheduled downtime.,belt,routine wear observed,Medium
674,2025-09-29,M-013,TECH-02,Alert triggered due to coolant flow restriction at the radiator.  Recommend scheduling maintenance.,radiator,coolant flow restriction,High
675,2025-08-03,M-014,TECH-11,Main shaft showing signs of torque beyond rated limit after extended run time.,main shaft,torque beyond rated limit,High
676,2025-10-29,M-048,TECH-13,"Preventive check: voltage fluctuation detected, inverter scheduled for review.  Escalated to shift supervisor.",inverter,voltage fluctuation,High
677,2025-08-01,M-013,TECH-02,"Unusual behavior detected: poor heat dissipation linked to the radiator.  Monitored, no immediate action taken.",radiator,poor heat dissipation,High
678,2025-06-27,M-015,TECH-09,Technician noted scheduled inspection completed while servicing the filter.,filter,scheduled inspection completed,Low
679,2025-07-12,M-037,TECH-11,"Machine is showing no issue found and the gasket needs replacement.  Monitored, no immediate action taken.",gasket,no issue found,Low
680,2025-06-07,M-045,TECH-04,"Preventive check: overheating detected, cooling fan scheduled for review.",cooling fan,overheating,Medium
681,2025-11-20,M-009,TECH-02,Log entry: rising process temperature reported for heat sink during shift inspection.,heat sink,rising process temperature,Medium
682,2025-10-20,M-016,TECH-02,"Preventive check: rising process temperature detected, cooling fan scheduled for review.",cooling fan,rising process temperature,High
683,2025-09-11,M-035,TECH-04,"During inspection, overstrain under excessive load was observed near the gearbox.  Monitored, no immediate action taken.",gearbox,overstrain under excessive load,High
684,2025-02-03,M-031,TECH-07,Maintenance check revealed tool degradation affecting the blade.,blade,tool degradation,Medium
685,2025-08-11,M-044,TECH-13,Structural frame showing signs of overstrain under excessive load after extended run time.  Parts ordered for replacement.,structural frame,overstrain under excessive load,High
686,2025-12-03,M-033,TECH-06,Operator reported excessive tool wear originating from the milling tool.  Parts ordered for replacement.,milling tool,excessive tool wear,Medium
687,2025-03-09,M-049,TECH-15,"Alert triggered due to no repeatable cause identified at the PLC.  Monitored, no immediate action taken.",PLC,no repeatable cause identified,Medium
688,2025-04-25,M-025,TECH-15,"During inspection, blunt tool causing poor finish was observed near the tool holder.  Monitored, no immediate action taken.",tool holder,blunt tool causing poor finish,High
689,2025-11-23,M-038,TECH-07,"Lubrication line showing signs of lubrication topped up after extended run time.  Monitored, no immediate action taken.",lubrication line,lubrication topped up,Low
690,2025-08-10,M-054,TECH-12,PLC showing signs of intermittent fault after extended run time.  Logged for next scheduled downtime.,PLC,intermittent fault,High
691,2025-10-01,M-001,TECH-01,"Routine audit flagged minor leak, monitored on the pump.  Parts ordered for replacement.",pump,"minor leak, monitored",Low
692,2025-09-05,M-027,TECH-05,"Technician noted scheduled inspection completed while servicing the lubrication line.  Monitored, no immediate action taken.",lubrication line,scheduled inspection completed,Low
693,2025-03-28,M-048,TECH-15,Technician noted overheating while servicing the cooling fan.,cooling fan,overheating,Medium
694,2025-10-04,M-024,TECH-08,Unusual behavior detected: overheating linked to the ventilation duct.,ventilation duct,overheating,High
695,2025-07-11,M-036,TECH-09,"Filter showing signs of minor vibration noted after extended run time.  Monitored, no immediate action taken.",filter,minor vibration noted,Low
696,2025-08-08,M-025,TECH-05,Bearing showing signs of overstrain under excessive load after extended run time.  Logged for next scheduled downtime.,bearing,overstrain under excessive load,High
697,2025-07-20,M-055,TECH-08,Machine is showing voltage fluctuation and the power supply unit needs replacement.,power supply unit,voltage fluctuation,High
698,2025-09-08,M-053,TECH-12,Maintenance check revealed coolant flow restriction affecting the cooling fan.,cooling fan,coolant flow restriction,High
699,2025-06-25,M-002,TECH-14,Machine is showing lubrication topped up and the lubrication line needs replacement.,lubrication line,lubrication topped up,Low
700,2025-07-19,M-037,TECH-14,Log entry: routine wear observed reported for pump during shift inspection.  Recommend scheduling maintenance.,pump,routine wear observed,Low
701,2025-04-25,M-029,TECH-01,Technician noted torque beyond rated limit while servicing the gearbox.  Parts ordered for replacement.,gearbox,torque beyond rated limit,High
702,2025-01-05,M-019,TECH-09,Routine audit flagged minor vibration noted on the valve.  Logged for next scheduled downtime.,valve,minor vibration noted,Low
703,2025-11-22,M-038,TECH-07,"Preventive check: sporadic signal loss detected, control unit scheduled for review.  Logged for next scheduled downtime.",control unit,sporadic signal loss,Low
704,2025-01-21,M-057,TECH-05,"Preventive check: no repeatable cause identified detected, unknown component scheduled for review.  Escalated to shift supervisor.",unknown component,no repeatable cause identified,Low
705,2025-09-09,M-036,TECH-12,"Machine is showing no repeatable cause identified and the wiring harness needs replacement.  Monitored, no immediate action taken.",wiring harness,no repeatable cause identified,High
706,2025-10-10,M-034,TECH-03,"Preventive check: scheduled inspection completed detected, belt scheduled for review.  Recommend scheduling maintenance.",belt,scheduled inspection completed,Medium
707,2025-12-29,M-008,TECH-01,Bearing showing signs of no issue found after extended run time.,bearing,no issue found,Low
708,2025-08-01,M-007,TECH-13,Maintenance check revealed calibration check passed affecting the filter.  Escalated to shift supervisor.,filter,calibration check passed,Medium
709,2025-04-23,M-020,TECH-14,"Alert triggered due to abnormal current draw at the electrical panel.  Monitored, no immediate action taken.",electrical panel,abnormal current draw,High
710,2025-12-15,M-043,TECH-06,Log entry: minor vibration noted reported for filter during shift inspection.  Parts ordered for replacement.,filter,minor vibration noted,Medium
711,2025-01-04,M-039,TECH-04,"Technician noted worn cutting edge while servicing the milling tool.  Monitored, no immediate action taken.",milling tool,worn cutting edge,Medium
712,2025-10-26,M-014,TECH-07,"Preventive check: structural stress cracking detected, structural frame scheduled for review.  Escalated to shift supervisor.",structural frame,structural stress cracking,Medium
713,2025-07-12,M-028,TECH-11,"During inspection, structural stress cracking was observed near the structural frame.  Logged for next scheduled downtime.",structural frame,structural stress cracking,Medium
714,2025-04-15,M-002,TECH-08,"During inspection, intermittent fault was observed near the sensor module.",sensor module,intermittent fault,Low
715,2025-06-12,M-021,TECH-11,Structural frame showing signs of shaft deformation after extended run time.,structural frame,shaft deformation,High
716,2025-01-29,M-051,TECH-01,Machine is showing poor heat dissipation and the ventilation duct needs replacement.  Logged for next scheduled downtime.,ventilation duct,poor heat dissipation,High
717,2025-11-20,M-034,TECH-11,Machine is showing intermittent fault and the PLC needs replacement.,PLC,intermittent fault,Medium
718,2025-07-22,M-013,TECH-13,Unusual behavior detected: sporadic signal loss linked to the sensor module.,sensor module,sporadic signal loss,Medium
719,2025-06-29,M-003,TECH-06,Technician noted tool wear beyond threshold while servicing the cutting tool.  Parts ordered for replacement.,cutting tool,tool wear beyond threshold,High
720,2025-06-17,M-029,TECH-04,Alert triggered due to random error code at the unknown component.,unknown component,random error code,Medium
721,2025-07-17,M-048,TECH-15,Operator reported no repeatable cause identified originating from the PLC.,PLC,no repeatable cause identified,Low
722,2025-04-16,M-056,TECH-05,Maintenance check revealed tool degradation affecting the drill bit.  Recommend scheduling maintenance.,drill bit,tool degradation,High
723,2025-08-09,M-045,TECH-03,Technician noted structural stress cracking while servicing the main shaft.  Parts ordered for replacement.,main shaft,structural stress cracking,High
724,2025-04-20,M-048,TECH-15,Unusual behavior detected: random error code linked to the control unit.  Logged for next scheduled downtime.,control unit,random error code,High
725,2025-05-02,M-050,TECH-11,Alert triggered due to voltage fluctuation at the motor.,motor,voltage fluctuation,High
726,2025-01-13,M-034,TECH-02,Technician noted no issue found while servicing the pump.,pump,no issue found,Medium
727,2025-04-21,M-037,TECH-08,Machine is showing intermittent fault and the unknown component needs replacement.  Escalated to shift supervisor.,unknown component,intermittent fault,Medium
728,2025-06-22,M-041,TECH-13,Operator reported worn cutting edge originating from the blade.,blade,worn cutting edge,High
729,2025-01-22,M-035,TECH-14,Lubrication line inspection found routine wear observed; recommend follow-up.  Escalated to shift supervisor.,lubrication line,routine wear observed,Low
730,2025-08-21,M-022,TECH-14,"Maintenance check revealed minor leak, monitored affecting the filter.  Parts ordered for replacement.",filter,"minor leak, monitored",Low
731,2025-08-10,M-036,TECH-15,"Preventive check: calibration check passed detected, gasket scheduled for review.",gasket,calibration check passed,Low
732,2025-10-12,M-006,TECH-07,"Preventive check: no issue found detected, gasket scheduled for review.",gasket,no issue found,Low
733,2025-10-10,M-027,TECH-09,Routine audit flagged unexplained shutdown on the sensor module.  Logged for next scheduled downtime.,sensor module,unexplained shutdown,High
734,2025-08-25,M-023,TECH-08,Routine audit flagged tool degradation on the milling tool.,milling tool,tool degradation,Medium
735,2025-07-13,M-025,TECH-11,Blade inspection found worn cutting edge; recommend follow-up.,blade,worn cutting edge,High
736,2025-07-01,M-032,TECH-04,Unusual behavior detected: lubrication topped up linked to the pump.,pump,lubrication topped up,Low
737,2025-06-11,M-033,TECH-04,Coupling inspection found overstrain under excessive load; recommend follow-up.  Parts ordered for replacement.,coupling,overstrain under excessive load,Medium
738,2025-02-18,M-045,TECH-10,Electrical panel showing signs of sudden power loss after extended run time.,electrical panel,sudden power loss,High
739,2025-02-06,M-005,TECH-03,Technician noted voltage fluctuation while servicing the drive controller.  Recommend scheduling maintenance.,drive controller,voltage fluctuation,Medium
740,2025-06-03,M-015,TECH-05,Log entry: tool wear beyond threshold reported for drill bit during shift inspection.  Recommend scheduling maintenance.,drill bit,tool wear beyond threshold,Medium
741,2025-05-27,M-014,TECH-10,Pump inspection found routine wear observed; recommend follow-up.  Logged for next scheduled downtime.,pump,routine wear observed,Low
742,2025-01-05,M-039,TECH-13,Bearing showing signs of calibration check passed after extended run time.,bearing,calibration check passed,Medium
743,2025-06-06,M-014,TECH-15,Drive controller showing signs of voltage fluctuation after extended run time.  Parts ordered for replacement.,drive controller,voltage fluctuation,High
744,2025-08-08,M-025,TECH-01,"Preventive check: scheduled inspection completed detected, belt scheduled for review.",belt,scheduled inspection completed,Medium
745,2025-04-20,M-012,TECH-06,"Technician noted minor leak, monitored while servicing the pump.  Parts ordered for replacement.",pump,"minor leak, monitored",Low
746,2025-09-12,M-001,TECH-08,"Machine is showing tool wear beyond threshold and the cutting tool needs replacement.  Monitored, no immediate action taken.",cutting tool,tool wear beyond threshold,High
747,2025-02-19,M-053,TECH-13,"Machine is showing overheating and the heat sink needs replacement.  Monitored, no immediate action taken.",heat sink,overheating,Medium
748,2025-05-19,M-053,TECH-02,Log entry: tool wear beyond threshold reported for milling tool during shift inspection.  Recommend scheduling maintenance.,milling tool,tool wear beyond threshold,High
749,2025-11-05,M-015,TECH-09,"During inspection, minor leak, monitored was observed near the belt.  Recommend scheduling maintenance.",belt,"minor leak, monitored",Low
750,2025-07-30,M-004,TECH-06,Unusual behavior detected: structural stress cracking linked to the bearing.,bearing,structural stress cracking,Medium
751,2025-10-02,M-044,TECH-14,Maintenance check revealed overheating affecting the radiator.  Logged for next scheduled downtime.,radiator,overheating,High
752,2025-08-27,M-008,TECH-06,Alert triggered due to unexplained shutdown at the sensor module.  Escalated to shift supervisor.,sensor module,unexplained shutdown,Low
753,2025-02-04,M-010,TECH-08,Lubrication line showing signs of lubrication topped up after extended run time.  Escalated to shift supervisor.,lubrication line,lubrication topped up,Medium
754,2025-02-10,M-003,TECH-05,"Operator reported minor leak, monitored originating from the pump.  Monitored, no immediate action taken.",pump,"minor leak, monitored",Medium
755,2025-07-31,M-007,TECH-04,Unusual behavior detected: poor heat dissipation linked to the radiator.  Recommend scheduling maintenance.,radiator,poor heat dissipation,High
756,2025-12-23,M-058,TECH-02,Blade showing signs of tool wear beyond threshold after extended run time.,blade,tool wear beyond threshold,Medium
757,2025-12-06,M-036,TECH-06,Alert triggered due to minor vibration noted at the lubrication line.  Recommend scheduling maintenance.,lubrication line,minor vibration noted,Low
758,2025-08-04,M-043,TECH-05,Alert triggered due to overstrain under excessive load at the structural frame.,structural frame,overstrain under excessive load,High
759,2025-11-03,M-047,TECH-10,"During inspection, random error code was observed near the wiring harness.",wiring harness,random error code,Low
760,2025-11-20,M-041,TECH-13,Maintenance check revealed excessive tool wear affecting the milling tool.,milling tool,excessive tool wear,High
761,2025-02-23,M-043,TECH-05,Maintenance check revealed intermittent fault affecting the wiring harness.  Parts ordered for replacement.,wiring harness,intermittent fault,Medium
762,2025-12-01,M-035,TECH-08,Maintenance check revealed intermittent fault affecting the wiring harness.  Escalated to shift supervisor.,wiring harness,intermittent fault,Low
763,2025-02-27,M-018,TECH-04,Operator reported calibration check passed originating from the lubrication line.  Logged for next scheduled downtime.,lubrication line,calibration check passed,Medium
764,2025-07-21,M-028,TECH-01,Technician noted overheating while servicing the cooling fan.,cooling fan,overheating,High
765,2025-07-01,M-050,TECH-05,Blade showing signs of tool wear beyond threshold after extended run time.,blade,tool wear beyond threshold,High
766,2025-05-22,M-041,TECH-07,Machine is showing calibration check passed and the sensor needs replacement.,sensor,calibration check passed,Low
767,2025-12-05,M-026,TECH-14,Routine audit flagged routine wear observed on the sensor.  Parts ordered for replacement.,sensor,routine wear observed,Low
768,2025-09-18,M-015,TECH-03,"Technician noted minor leak, monitored while servicing the sensor.  Escalated to shift supervisor.",sensor,"minor leak, monitored",Medium
769,2025-09-06,M-043,TECH-07,Gasket inspection found minor vibration noted; recommend follow-up.  Logged for next scheduled downtime.,gasket,minor vibration noted,Low
770,2025-06-01,M-010,TECH-01,Routine audit flagged intermittent fault on the sensor module.  Recommend scheduling maintenance.,sensor module,intermittent fault,High
771,2025-07-15,M-024,TECH-15,Technician noted routine wear observed while servicing the sensor.,sensor,routine wear observed,Low
772,2025-05-13,M-038,TECH-10,Unusual behavior detected: slight noise during operation linked to the gasket.,gasket,slight noise during operation,Medium
773,2025-08-30,M-019,TECH-02,Operator reported lubrication topped up originating from the lubrication line.,lubrication line,lubrication topped up,Low
774,2025-04-15,M-060,TECH-05,"Log entry: minor leak, monitored reported for belt during shift inspection.  Escalated to shift supervisor.",belt,"minor leak, monitored",Low
775,2025-10-09,M-052,TECH-14,"During inspection, calibration check passed was observed near the sensor.  Logged for next scheduled downtime.",sensor,calibration check passed,Low
776,2025-11-02,M-035,TECH-05,Log entry: slight noise during operation reported for filter during shift inspection.  Escalated to shift supervisor.,filter,slight noise during operation,Medium
777,2025-04-30,M-047,TECH-01,Operator reported excessive tool wear originating from the drill bit.  Logged for next scheduled downtime.,drill bit,excessive tool wear,Medium
778,2025-01-14,M-050,TECH-12,"Log entry: slight noise during operation reported for belt during shift inspection.  Monitored, no immediate action taken.",belt,slight noise during operation,Low
779,2025-01-03,M-042,TECH-12,"Maintenance check revealed minor leak, monitored affecting the filter.",filter,"minor leak, monitored",Low
780,2025-07-29,M-020,TECH-08,Unusual behavior detected: torque beyond rated limit linked to the coupling.,coupling,torque beyond rated limit,Medium
781,2025-12-27,M-049,TECH-06,Operator reported rising process temperature originating from the cooling fan.  Logged for next scheduled downtime.,cooling fan,rising process temperature,Medium
782,2025-09-08,M-035,TECH-12,"Routine audit flagged excessive tool wear on the tool holder.  Monitored, no immediate action taken.",tool holder,excessive tool wear,High
783,2025-01-13,M-018,TECH-07,Routine audit flagged sudden power loss on the electrical panel.  Escalated to shift supervisor.,electrical panel,sudden power loss,High
784,2025-12-02,M-003,TECH-10,"Preventive check: power failure detected, motor scheduled for review.",motor,power failure,High
785,2025-12-31,M-031,TECH-15,Maintenance check revealed no repeatable cause identified affecting the sensor module.,sensor module,no repeatable cause identified,Low
786,2025-11-19,M-012,TECH-08,Technician noted voltage fluctuation while servicing the power supply unit.  Escalated to shift supervisor.,power supply unit,voltage fluctuation,High
787,2025-01-30,M-051,TECH-12,Technician noted blunt tool causing poor finish while servicing the tool holder.  Escalated to shift supervisor.,tool holder,blunt tool causing poor finish,High
788,2025-02-02,M-016,TECH-04,Routine audit flagged calibration check passed on the valve.,valve,calibration check passed,Medium
789,2025-06-22,M-031,TECH-07,"Preventive check: shaft deformation detected, gearbox scheduled for review.  Monitored, no immediate action taken.",gearbox,shaft deformation,Medium
790,2025-10-03,M-014,TECH-04,"Preventive check: calibration check passed detected, valve scheduled for review.  Logged for next scheduled downtime.",valve,calibration check passed,Low
791,2025-12-27,M-059,TECH-11,Routine audit flagged slight noise during operation on the sensor.  Recommend scheduling maintenance.,sensor,slight noise during operation,Low
792,2025-04-14,M-043,TECH-04,Unusual behavior detected: unexplained shutdown linked to the PLC.  Recommend scheduling maintenance.,PLC,unexplained shutdown,Low
793,2025-11-27,M-059,TECH-14,Routine audit flagged bearing seizure on the main shaft.  Parts ordered for replacement.,main shaft,bearing seizure,Medium
794,2025-10-17,M-055,TECH-10,Routine audit flagged sudden power loss on the power supply unit.  Escalated to shift supervisor.,power supply unit,sudden power loss,High
795,2025-09-18,M-051,TECH-06,"Preventive check: scheduled inspection completed detected, sensor scheduled for review.",sensor,scheduled inspection completed,Low
796,2025-12-15,M-057,TECH-04,"During inspection, overstrain under excessive load was observed near the gearbox.  Recommend scheduling maintenance.",gearbox,overstrain under excessive load,Medium
797,2025-05-06,M-021,TECH-14,"Preventive check: calibration check passed detected, lubrication line scheduled for review.  Monitored, no immediate action taken.",lubrication line,calibration check passed,Low
798,2025-08-27,M-045,TECH-04,Electrical panel showing signs of voltage fluctuation after extended run time.  Recommend scheduling maintenance.,electrical panel,voltage fluctuation,Medium
799,2025-02-10,M-016,TECH-09,Log entry: voltage fluctuation reported for power supply unit during shift inspection.  Recommend scheduling maintenance.,power supply unit,voltage fluctuation,High
800,2025-11-29,M-017,TECH-07,"Alert triggered due to abnormal current draw at the power supply unit.  Monitored, no immediate action taken.",power supply unit,abnormal current draw,High
801,2025-11-08,M-010,TECH-10,Lubrication line inspection found calibration check passed; recommend follow-up.  Parts ordered for replacement.,lubrication line,calibration check passed,Low
802,2025-05-29,M-015,TECH-14,Unusual behavior detected: overstrain under excessive load linked to the bearing.,bearing,overstrain under excessive load,High
803,2025-02-01,M-045,TECH-06,Main shaft inspection found bearing seizure; recommend follow-up.  Logged for next scheduled downtime.,main shaft,bearing seizure,High
804,2025-04-29,M-056,TECH-13,"During inspection, overheating was observed near the coolant pump.",coolant pump,overheating,Medium
805,2025-09-11,M-002,TECH-11,Operator reported intermittent fault originating from the sensor module.,sensor module,intermittent fault,High
806,2025-11-24,M-025,TECH-09,Machine is showing sudden power loss and the drive controller needs replacement.  Logged for next scheduled downtime.,drive controller,sudden power loss,High
807,2025-05-26,M-042,TECH-06,Machine is showing poor heat dissipation and the coolant pump needs replacement.,coolant pump,poor heat dissipation,Medium
808,2025-08-22,M-019,TECH-11,Machine is showing sudden power loss and the electrical panel needs replacement.,electrical panel,sudden power loss,High
809,2025-10-26,M-047,TECH-01,Bearing showing signs of calibration check passed after extended run time.  Recommend scheduling maintenance.,bearing,calibration check passed,Low
810,2025-06-23,M-048,TECH-14,"Routine audit flagged no issue found on the gasket.  Monitored, no immediate action taken.",gasket,no issue found,Medium
811,2025-07-22,M-056,TECH-04,Maintenance check revealed power failure affecting the inverter.  Logged for next scheduled downtime.,inverter,power failure,High
812,2025-09-13,M-007,TECH-02,"Alert triggered due to structural stress cracking at the main shaft.  Monitored, no immediate action taken.",main shaft,structural stress cracking,High
813,2025-01-09,M-057,TECH-08,"During inspection, intermittent fault was observed near the PLC.  Parts ordered for replacement.",PLC,intermittent fault,High
814,2025-02-11,M-048,TECH-10,Routine audit flagged sudden power loss on the drive controller.  Parts ordered for replacement.,drive controller,sudden power loss,High
815,2025-07-13,M-056,TECH-15,Technician noted lubrication topped up while servicing the pump.  Logged for next scheduled downtime.,pump,lubrication topped up,Medium
816,2025-10-23,M-013,TECH-11,Unusual behavior detected: structural stress cracking linked to the bearing.  Recommend scheduling maintenance.,bearing,structural stress cracking,High
817,2025-05-11,M-014,TECH-14,Operator reported tool degradation originating from the cutting tool.,cutting tool,tool degradation,Medium
818,2025-10-16,M-013,TECH-05,Machine is showing routine wear observed and the valve needs replacement.  Escalated to shift supervisor.,valve,routine wear observed,Low
819,2025-09-17,M-045,TECH-05,"During inspection, rising process temperature was observed near the radiator.",radiator,rising process temperature,High
820,2025-01-06,M-050,TECH-03,Log entry: unexplained shutdown reported for sensor module during shift inspection.,sensor module,unexplained shutdown,Low
821,2025-12-28,M-045,TECH-15,Machine is showing sporadic signal loss and the wiring harness needs replacement.  Parts ordered for replacement.,wiring harness,sporadic signal loss,Medium
822,2025-01-18,M-039,TECH-05,Alert triggered due to random error code at the control unit.,control unit,random error code,High
823,2025-07-21,M-041,TECH-14,Alert triggered due to routine wear observed at the lubrication line.,lubrication line,routine wear observed,Low
824,2025-03-08,M-046,TECH-08,Operator reported poor heat dissipation originating from the coolant pump.  Logged for next scheduled downtime.,coolant pump,poor heat dissipation,Medium
825,2025-02-17,M-008,TECH-06,"During inspection, rising process temperature was observed near the ventilation duct.",ventilation duct,rising process temperature,High
826,2025-08-12,M-029,TECH-12,Log entry: rising process temperature reported for coolant pump during shift inspection.  Escalated to shift supervisor.,coolant pump,rising process temperature,Medium
827,2025-03-21,M-056,TECH-11,Unusual behavior detected: sporadic signal loss linked to the sensor module.,sensor module,sporadic signal loss,Low
828,2025-02-05,M-018,TECH-14,Technician noted minor vibration noted while servicing the filter.  Escalated to shift supervisor.,filter,minor vibration noted,Low
829,2025-10-21,M-056,TECH-01,Routine audit flagged scheduled inspection completed on the sensor.,sensor,scheduled inspection completed,Low
830,2025-10-04,M-022,TECH-04,Maintenance check revealed overheating affecting the ventilation duct.,ventilation duct,overheating,High
831,2025-07-11,M-059,TECH-09,Pump inspection found no issue found; recommend follow-up.,pump,no issue found,Low
832,2025-03-21,M-044,TECH-06,Maintenance check revealed tool wear beyond threshold affecting the blade.  Recommend scheduling maintenance.,blade,tool wear beyond threshold,High
833,2025-07-12,M-041,TECH-07,"Pump showing signs of calibration check passed after extended run time.  Monitored, no immediate action taken.",pump,calibration check passed,Low
834,2025-04-23,M-015,TECH-10,"During inspection, scheduled inspection completed was observed near the sensor.",sensor,scheduled inspection completed,Low
835,2025-01-21,M-012,TECH-09,Cooling fan inspection found rising process temperature; recommend follow-up.  Recommend scheduling maintenance.,cooling fan,rising process temperature,High
836,2025-09-01,M-043,TECH-03,Technician noted tool degradation while servicing the tool holder.  Recommend scheduling maintenance.,tool holder,tool degradation,High
837,2025-12-09,M-016,TECH-01,Log entry: no issue found reported for sensor during shift inspection.  Recommend scheduling maintenance.,sensor,no issue found,Low
838,2025-09-13,M-014,TECH-11,Log entry: no issue found reported for pump during shift inspection.  Escalated to shift supervisor.,pump,no issue found,Low
839,2025-12-10,M-035,TECH-01,Electrical panel showing signs of sudden power loss after extended run time.,electrical panel,sudden power loss,High
840,2025-02-19,M-014,TECH-05,Maintenance check revealed random error code affecting the wiring harness.  Logged for next scheduled downtime.,wiring harness,random error code,Low
841,2025-12-04,M-030,TECH-15,Log entry: sporadic signal loss reported for sensor module during shift inspection.  Escalated to shift supervisor.,sensor module,sporadic signal loss,Low
842,2025-02-22,M-009,TECH-12,Maintenance check revealed minor vibration noted affecting the belt.  Recommend scheduling maintenance.,belt,minor vibration noted,Low
843,2025-05-08,M-014,TECH-09,Unusual behavior detected: shaft deformation linked to the coupling.  Parts ordered for replacement.,coupling,shaft deformation,Medium
844,2025-04-16,M-025,TECH-11,Alert triggered due to blunt tool causing poor finish at the cutting tool.,cutting tool,blunt tool causing poor finish,High
845,2025-10-04,M-002,TECH-12,"During inspection, minor leak, monitored was observed near the sensor.  Logged for next scheduled downtime.",sensor,"minor leak, monitored",Low
846,2025-08-27,M-021,TECH-04,"Unusual behavior detected: minor leak, monitored linked to the valve.",valve,"minor leak, monitored",Low
847,2025-03-11,M-036,TECH-08,"Alert triggered due to tool degradation at the tool holder.  Monitored, no immediate action taken.",tool holder,tool degradation,High
848,2025-12-04,M-034,TECH-13,Machine is showing excessive tool wear and the blade needs replacement.,blade,excessive tool wear,Medium
849,2025-08-12,M-019,TECH-08,Heat sink showing signs of rising process temperature after extended run time.,heat sink,rising process temperature,High
850,2025-02-22,M-042,TECH-06,Machine is showing tool degradation and the milling tool needs replacement.,milling tool,tool degradation,High
851,2025-09-28,M-002,TECH-14,Operator reported overheating originating from the coolant pump.  Parts ordered for replacement.,coolant pump,overheating,High
852,2025-07-28,M-029,TECH-04,"During inspection, minor leak, monitored was observed near the sensor.  Recommend scheduling maintenance.",sensor,"minor leak, monitored",Low
853,2025-08-01,M-047,TECH-15,"Preventive check: rising process temperature detected, coolant pump scheduled for review.  Parts ordered for replacement.",coolant pump,rising process temperature,Medium
854,2025-02-13,M-006,TECH-14,Routine audit flagged scheduled inspection completed on the valve.,valve,scheduled inspection completed,Low
855,2025-08-23,M-045,TECH-06,Routine audit flagged excessive tool wear on the drill bit.  Logged for next scheduled downtime.,drill bit,excessive tool wear,Medium
856,2025-03-02,M-039,TECH-12,Operator reported tool wear beyond threshold originating from the tool holder.  Escalated to shift supervisor.,tool holder,tool wear beyond threshold,Medium
857,2025-12-23,M-001,TECH-01,Alert triggered due to scheduled inspection completed at the belt.  Logged for next scheduled downtime.,belt,scheduled inspection completed,Low
858,2025-12-14,M-022,TECH-05,Alert triggered due to random error code at the PLC.  Recommend scheduling maintenance.,PLC,random error code,Low
859,2025-07-14,M-006,TECH-07,"During inspection, slight noise during operation was observed near the filter.",filter,slight noise during operation,Low
860,2025-12-28,M-025,TECH-11,Alert triggered due to worn cutting edge at the milling tool.  Recommend scheduling maintenance.,milling tool,worn cutting edge,High
861,2025-02-11,M-010,TECH-01,"During inspection, rising process temperature was observed near the cooling fan.  Escalated to shift supervisor.",cooling fan,rising process temperature,High
862,2025-11-28,M-018,TECH-15,Unusual behavior detected: overheating linked to the ventilation duct.,ventilation duct,overheating,High
863,2025-06-19,M-027,TECH-13,"Preventive check: slight noise during operation detected, belt scheduled for review.  Monitored, no immediate action taken.",belt,slight noise during operation,Low
864,2025-09-20,M-029,TECH-15,"Operator reported no issue found originating from the belt.  Monitored, no immediate action taken.",belt,no issue found,Low
865,2025-04-29,M-010,TECH-08,Drive controller showing signs of motor stalling under load after extended run time.  Parts ordered for replacement.,drive controller,motor stalling under load,High
866,2025-08-02,M-046,TECH-11,Log entry: lubrication topped up reported for belt during shift inspection.  Parts ordered for replacement.,belt,lubrication topped up,Low
867,2025-11-19,M-016,TECH-08,Alert triggered due to tool degradation at the tool holder.,tool holder,tool degradation,High
868,2025-01-09,M-024,TECH-05,"Machine is showing minor leak, monitored and the bearing needs replacement.  Parts ordered for replacement.",bearing,"minor leak, monitored",Medium
869,2025-05-15,M-060,TECH-14,Log entry: bearing seizure reported for structural frame during shift inspection.  Escalated to shift supervisor.,structural frame,bearing seizure,Medium
870,2025-04-15,M-016,TECH-05,"Operator reported minor leak, monitored originating from the pump.  Parts ordered for replacement.",pump,"minor leak, monitored",Low
871,2025-02-27,M-044,TECH-15,Drive controller showing signs of motor stalling under load after extended run time.  Parts ordered for replacement.,drive controller,motor stalling under load,High
872,2025-02-02,M-018,TECH-01,Alert triggered due to coolant flow restriction at the radiator.  Parts ordered for replacement.,radiator,coolant flow restriction,High
873,2025-04-24,M-046,TECH-06,Maintenance check revealed random error code affecting the unknown component.,unknown component,random error code,Low
874,2025-10-26,M-016,TECH-04,Technician noted minor vibration noted while servicing the lubrication line.  Logged for next scheduled downtime.,lubrication line,minor vibration noted,Low
875,2025-01-16,M-041,TECH-03,Routine audit flagged overheating on the cooling fan.  Recommend scheduling maintenance.,cooling fan,overheating,Medium
876,2025-02-28,M-059,TECH-13,Unusual behavior detected: minor vibration noted linked to the filter.  Parts ordered for replacement.,filter,minor vibration noted,Low
877,2025-07-29,M-006,TECH-01,Log entry: overheating reported for radiator during shift inspection.  Parts ordered for replacement.,radiator,overheating,High
878,2025-07-09,M-008,TECH-02,"During inspection, coolant flow restriction was observed near the ventilation duct.  Parts ordered for replacement.",ventilation duct,coolant flow restriction,High
879,2025-03-28,M-017,TECH-12,Routine audit flagged poor heat dissipation on the ventilation duct.  Recommend scheduling maintenance.,ventilation duct,poor heat dissipation,High
880,2025-05-14,M-002,TECH-02,Technician noted lubrication topped up while servicing the sensor.  Escalated to shift supervisor.,sensor,lubrication topped up,Low
881,2025-02-11,M-041,TECH-05,Maintenance check revealed slight noise during operation affecting the lubrication line.,lubrication line,slight noise during operation,Low
882,2025-11-27,M-044,TECH-01,Technician noted structural stress cracking while servicing the structural frame.,structural frame,structural stress cracking,High
883,2025-10-27,M-005,TECH-09,Alert triggered due to sudden power loss at the motor.  Logged for next scheduled downtime.,motor,sudden power loss,High
884,2025-08-11,M-059,TECH-15,"Tool holder showing signs of blunt tool causing poor finish after extended run time.  Monitored, no immediate action taken.",tool holder,blunt tool causing poor finish,High
885,2025-11-30,M-045,TECH-01,Drive controller showing signs of abnormal current draw after extended run time.  Escalated to shift supervisor.,drive controller,abnormal current draw,High
886,2025-09-18,M-015,TECH-10,PLC inspection found sporadic signal loss; recommend follow-up.  Escalated to shift supervisor.,PLC,sporadic signal loss,Medium
887,2025-12-05,M-052,TECH-06,Maintenance check revealed voltage fluctuation affecting the drive controller.  Escalated to shift supervisor.,drive controller,voltage fluctuation,High
888,2025-09-23,M-046,TECH-06,"Unusual behavior detected: torque beyond rated limit linked to the coupling.  Monitored, no immediate action taken.",coupling,torque beyond rated limit,High
889,2025-09-23,M-008,TECH-11,"Technician noted motor stalling under load while servicing the motor.  Monitored, no immediate action taken.",motor,motor stalling under load,High
890,2025-04-27,M-051,TECH-05,Drive controller showing signs of abnormal current draw after extended run time.,drive controller,abnormal current draw,High
891,2025-04-07,M-010,TECH-13,"Milling tool showing signs of worn cutting edge after extended run time.  Monitored, no immediate action taken.",milling tool,worn cutting edge,High
892,2025-07-14,M-035,TECH-10,Machine is showing overstrain under excessive load and the bearing needs replacement.  Recommend scheduling maintenance.,bearing,overstrain under excessive load,Medium
893,2025-12-15,M-019,TECH-11,Unusual behavior detected: rising process temperature linked to the heat sink.,heat sink,rising process temperature,High
894,2025-09-14,M-006,TECH-12,Blade showing signs of tool wear beyond threshold after extended run time.  Logged for next scheduled downtime.,blade,tool wear beyond threshold,High
895,2025-06-27,M-018,TECH-06,"Technician noted torque beyond rated limit while servicing the main shaft.  Monitored, no immediate action taken.",main shaft,torque beyond rated limit,High
896,2025-02-22,M-036,TECH-15,Routine audit flagged no issue found on the gasket.  Escalated to shift supervisor.,gasket,no issue found,Low
897,2025-10-11,M-045,TECH-06,Technician noted overheating while servicing the cooling fan.,cooling fan,overheating,Medium
898,2025-10-21,M-027,TECH-04,Log entry: blunt tool causing poor finish reported for milling tool during shift inspection.  Recommend scheduling maintenance.,milling tool,blunt tool causing poor finish,High
899,2025-08-28,M-029,TECH-02,"Belt inspection found minor vibration noted; recommend follow-up.  Monitored, no immediate action taken.",belt,minor vibration noted,Low
900,2025-03-12,M-045,TECH-03,"Technician noted bearing seizure while servicing the coupling.  Monitored, no immediate action taken.",coupling,bearing seizure,High
901,2025-08-26,M-043,TECH-12,Operator reported power failure originating from the drive controller.  Escalated to shift supervisor.,drive controller,power failure,High
902,2025-01-22,M-009,TECH-05,Alert triggered due to structural stress cracking at the structural frame.  Logged for next scheduled downtime.,structural frame,structural stress cracking,Medium
903,2025-03-02,M-016,TECH-01,Inverter showing signs of sudden power loss after extended run time.  Parts ordered for replacement.,inverter,sudden power loss,Medium
904,2025-11-27,M-023,TECH-12,Maintenance check revealed routine wear observed affecting the belt.  Escalated to shift supervisor.,belt,routine wear observed,Low
905,2025-11-26,M-041,TECH-06,Operator reported poor heat dissipation originating from the radiator.  Logged for next scheduled downtime.,radiator,poor heat dissipation,High
906,2025-09-09,M-026,TECH-02,Unusual behavior detected: overstrain under excessive load linked to the bearing.  Recommend scheduling maintenance.,bearing,overstrain under excessive load,High
907,2025-01-24,M-059,TECH-07,Machine is showing unexplained shutdown and the PLC needs replacement.,PLC,unexplained shutdown,High
908,2025-11-30,M-024,TECH-12,Operator reported minor vibration noted originating from the filter.,filter,minor vibration noted,Low
909,2025-10-09,M-027,TECH-08,Power supply unit inspection found sudden power loss; recommend follow-up.,power supply unit,sudden power loss,Medium
910,2025-03-03,M-019,TECH-08,Operator reported torque beyond rated limit originating from the gearbox.,gearbox,torque beyond rated limit,Medium
911,2025-09-03,M-031,TECH-11,"Preventive check: tool degradation detected, drill bit scheduled for review.",drill bit,tool degradation,High
912,2025-09-21,M-020,TECH-10,"Log entry: unexplained shutdown reported for wiring harness during shift inspection.  Monitored, no immediate action taken.",wiring harness,unexplained shutdown,Medium
913,2025-01-05,M-056,TECH-15,"During inspection, unexplained shutdown was observed near the unknown component.  Escalated to shift supervisor.",unknown component,unexplained shutdown,Low
914,2025-02-23,M-041,TECH-10,Unusual behavior detected: minor vibration noted linked to the pump.  Recommend scheduling maintenance.,pump,minor vibration noted,Low
915,2025-06-27,M-050,TECH-11,Unusual behavior detected: random error code linked to the wiring harness.  Logged for next scheduled downtime.,wiring harness,random error code,Low
916,2025-03-18,M-010,TECH-13,Technician noted blunt tool causing poor finish while servicing the drill bit.  Recommend scheduling maintenance.,drill bit,blunt tool causing poor finish,High
917,2025-06-18,M-030,TECH-09,Unusual behavior detected: abnormal current draw linked to the electrical panel.,electrical panel,abnormal current draw,High
918,2025-06-03,M-021,TECH-06,"During inspection, routine wear observed was observed near the pump.",pump,routine wear observed,Low
919,2025-06-03,M-026,TECH-10,Unusual behavior detected: lubrication topped up linked to the gasket.,gasket,lubrication topped up,Medium
920,2025-07-10,M-047,TECH-07,Machine is showing structural stress cracking and the structural frame needs replacement.  Logged for next scheduled downtime.,structural frame,structural stress cracking,High
921,2025-06-08,M-059,TECH-06,Gasket showing signs of lubrication topped up after extended run time.,gasket,lubrication topped up,Low
922,2025-12-31,M-050,TECH-08,Routine audit flagged sporadic signal loss on the control unit.  Escalated to shift supervisor.,control unit,sporadic signal loss,High
923,2025-11-28,M-056,TECH-10,"Main shaft showing signs of bearing seizure after extended run time.  Monitored, no immediate action taken.",main shaft,bearing seizure,High
924,2025-04-04,M-051,TECH-10,Log entry: tool wear beyond threshold reported for drill bit during shift inspection.,drill bit,tool wear beyond threshold,High
925,2025-07-29,M-039,TECH-10,Log entry: sporadic signal loss reported for control unit during shift inspection.,control unit,sporadic signal loss,Low
926,2025-01-23,M-047,TECH-08,Log entry: scheduled inspection completed reported for gasket during shift inspection.,gasket,scheduled inspection completed,Medium
927,2025-03-04,M-035,TECH-12,Structural frame showing signs of structural stress cracking after extended run time.  Parts ordered for replacement.,structural frame,structural stress cracking,Medium
928,2025-11-04,M-017,TECH-02,Log entry: abnormal current draw reported for motor during shift inspection.,motor,abnormal current draw,High
929,2025-05-21,M-056,TECH-15,Filter inspection found scheduled inspection completed; recommend follow-up.,filter,scheduled inspection completed,Medium
930,2025-03-09,M-015,TECH-04,Technician noted scheduled inspection completed while servicing the filter.,filter,scheduled inspection completed,Medium
931,2025-04-18,M-018,TECH-12,Unusual behavior detected: power failure linked to the motor.,motor,power failure,High
932,2025-09-09,M-051,TECH-09,Machine is showing sporadic signal loss and the control unit needs replacement.  Escalated to shift supervisor.,control unit,sporadic signal loss,Medium
933,2025-12-25,M-011,TECH-09,"Preventive check: shaft deformation detected, main shaft scheduled for review.  Recommend scheduling maintenance.",main shaft,shaft deformation,High
934,2025-01-08,M-046,TECH-03,"Valve showing signs of scheduled inspection completed after extended run time.  Monitored, no immediate action taken.",valve,scheduled inspection completed,Low
935,2025-11-22,M-011,TECH-07,Log entry: worn cutting edge reported for milling tool during shift inspection.,milling tool,worn cutting edge,High
936,2025-06-08,M-056,TECH-03,Drill bit showing signs of tool wear beyond threshold after extended run time.  Recommend scheduling maintenance.,drill bit,tool wear beyond threshold,High
937,2025-06-04,M-047,TECH-11,Unknown component inspection found unexplained shutdown; recommend follow-up.,unknown component,unexplained shutdown,Low
938,2025-01-12,M-005,TECH-03,Routine audit flagged no repeatable cause identified on the control unit.  Parts ordered for replacement.,control unit,no repeatable cause identified,Medium
939,2025-10-15,M-057,TECH-09,"Log entry: minor vibration noted reported for bearing during shift inspection.  Monitored, no immediate action taken.",bearing,minor vibration noted,Medium
940,2025-07-11,M-011,TECH-03,Electrical panel inspection found abnormal current draw; recommend follow-up.  Parts ordered for replacement.,electrical panel,abnormal current draw,High
941,2025-07-30,M-007,TECH-10,Technician noted abnormal current draw while servicing the motor.  Parts ordered for replacement.,motor,abnormal current draw,High
942,2025-11-27,M-016,TECH-05,Unusual behavior detected: lubrication topped up linked to the pump.,pump,lubrication topped up,Medium
943,2025-01-21,M-053,TECH-07,"Preventive check: random error code detected, sensor module scheduled for review.  Parts ordered for replacement.",sensor module,random error code,Medium
944,2025-09-27,M-010,TECH-12,Routine audit flagged worn cutting edge on the milling tool.,milling tool,worn cutting edge,Medium
945,2025-07-12,M-035,TECH-03,Bearing inspection found bearing seizure; recommend follow-up.  Logged for next scheduled downtime.,bearing,bearing seizure,High
946,2025-09-24,M-019,TECH-08,"Machine is showing scheduled inspection completed and the sensor needs replacement.  Monitored, no immediate action taken.",sensor,scheduled inspection completed,Low
947,2025-02-28,M-026,TECH-01,Structural frame inspection found bearing seizure; recommend follow-up.  Escalated to shift supervisor.,structural frame,bearing seizure,High
948,2025-09-23,M-042,TECH-01,Alert triggered due to bearing seizure at the main shaft.,main shaft,bearing seizure,Medium
949,2025-04-03,M-013,TECH-02,"Log entry: scheduled inspection completed reported for gasket during shift inspection.  Monitored, no immediate action taken.",gasket,scheduled inspection completed,Low
950,2025-09-20,M-057,TECH-15,"Preventive check: abnormal current draw detected, power supply unit scheduled for review.",power supply unit,abnormal current draw,High
951,2025-02-01,M-052,TECH-11,"During inspection, tool wear beyond threshold was observed near the cutting tool.  Logged for next scheduled downtime.",cutting tool,tool wear beyond threshold,High
952,2025-05-08,M-052,TECH-01,Alert triggered due to shaft deformation at the main shaft.,main shaft,shaft deformation,High
953,2025-05-25,M-034,TECH-12,Technician noted motor stalling under load while servicing the electrical panel.,electrical panel,motor stalling under load,High
954,2025-09-03,M-003,TECH-06,Machine is showing torque beyond rated limit and the gearbox needs replacement.  Logged for next scheduled downtime.,gearbox,torque beyond rated limit,High
955,2025-05-09,M-043,TECH-02,"During inspection, calibration check passed was observed near the bearing.  Monitored, no immediate action taken.",bearing,calibration check passed,Low
956,2025-07-23,M-034,TECH-06,"During inspection, lubrication topped up was observed near the lubrication line.",lubrication line,lubrication topped up,Low
957,2025-02-21,M-006,TECH-01,Unknown component inspection found random error code; recommend follow-up.  Escalated to shift supervisor.,unknown component,random error code,Medium
958,2025-02-25,M-013,TECH-05,Unusual behavior detected: torque beyond rated limit linked to the gearbox.  Parts ordered for replacement.,gearbox,torque beyond rated limit,High
959,2025-01-10,M-047,TECH-02,Blade showing signs of tool wear beyond threshold after extended run time.,blade,tool wear beyond threshold,Medium
960,2025-02-21,M-019,TECH-14,Operator reported slight noise during operation originating from the filter.,filter,slight noise during operation,Medium
961,2025-03-22,M-024,TECH-05,"During inspection, scheduled inspection completed was observed near the sensor.  Recommend scheduling maintenance.",sensor,scheduled inspection completed,Medium
962,2025-05-07,M-029,TECH-05,"Preventive check: calibration check passed detected, pump scheduled for review.  Logged for next scheduled downtime.",pump,calibration check passed,Medium
963,2025-12-08,M-038,TECH-10,Alert triggered due to routine wear observed at the valve.  Logged for next scheduled downtime.,valve,routine wear observed,Medium
964,2025-02-09,M-018,TECH-14,Technician noted slight noise during operation while servicing the pump.  Escalated to shift supervisor.,pump,slight noise during operation,Low
965,2025-03-20,M-050,TECH-09,Blade showing signs of tool degradation after extended run time.  Logged for next scheduled downtime.,blade,tool degradation,Medium
966,2025-11-11,M-006,TECH-15,Maintenance check revealed intermittent fault affecting the wiring harness.  Recommend scheduling maintenance.,wiring harness,intermittent fault,Low
967,2025-08-15,M-052,TECH-02,Routine audit flagged worn cutting edge on the blade.  Recommend scheduling maintenance.,blade,worn cutting edge,High
968,2025-09-09,M-043,TECH-08,"Maintenance check revealed rising process temperature affecting the ventilation duct.  Monitored, no immediate action taken.",ventilation duct,rising process temperature,High
969,2025-06-30,M-046,TECH-02,"Coupling inspection found torque beyond rated limit; recommend follow-up.  Monitored, no immediate action taken.",coupling,torque beyond rated limit,High
970,2025-09-28,M-034,TECH-08,Lubrication line showing signs of slight noise during operation after extended run time.,lubrication line,slight noise during operation,Medium
971,2025-03-16,M-011,TECH-14,Drill bit showing signs of worn cutting edge after extended run time.,drill bit,worn cutting edge,High
972,2025-07-03,M-058,TECH-08,"Operator reported minor leak, monitored originating from the valve.  Escalated to shift supervisor.",valve,"minor leak, monitored",Medium
973,2025-12-19,M-041,TECH-13,Machine is showing shaft deformation and the main shaft needs replacement.  Recommend scheduling maintenance.,main shaft,shaft deformation,High
974,2025-06-22,M-002,TECH-01,Machine is showing voltage fluctuation and the drive controller needs replacement.  Parts ordered for replacement.,drive controller,voltage fluctuation,High
975,2025-09-25,M-001,TECH-01,"Operator reported worn cutting edge originating from the tool holder.  Monitored, no immediate action taken.",tool holder,worn cutting edge,High
976,2025-10-28,M-044,TECH-08,Unusual behavior detected: tool degradation linked to the blade.  Logged for next scheduled downtime.,blade,tool degradation,High
977,2025-10-13,M-048,TECH-01,Maintenance check revealed excessive tool wear affecting the milling tool.  Parts ordered for replacement.,milling tool,excessive tool wear,High
978,2025-08-08,M-030,TECH-01,Operator reported routine wear observed originating from the bearing.  Logged for next scheduled downtime.,bearing,routine wear observed,Medium
979,2025-12-07,M-059,TECH-15,Alert triggered due to motor stalling under load at the drive controller.,drive controller,motor stalling under load,High
980,2025-11-14,M-027,TECH-08,Inverter inspection found voltage fluctuation; recommend follow-up.  Escalated to shift supervisor.,inverter,voltage fluctuation,High
981,2025-08-26,M-055,TECH-09,"Preventive check: structural stress cracking detected, main shaft scheduled for review.  Monitored, no immediate action taken.",main shaft,structural stress cracking,High
982,2025-09-12,M-059,TECH-10,Pump showing signs of no issue found after extended run time.,pump,no issue found,Low
983,2025-10-27,M-009,TECH-05,Machine is showing voltage fluctuation and the electrical panel needs replacement.,electrical panel,voltage fluctuation,High
984,2025-08-09,M-048,TECH-06,"Routine audit flagged overheating on the radiator.  Monitored, no immediate action taken.",radiator,overheating,High
985,2025-06-20,M-004,TECH-13,Log entry: slight noise during operation reported for belt during shift inspection.,belt,slight noise during operation,Low
986,2025-07-21,M-040,TECH-11,Technician noted shaft deformation while servicing the gearbox.  Recommend scheduling maintenance.,gearbox,shaft deformation,High
987,2025-12-01,M-034,TECH-08,Operator reported intermittent fault originating from the sensor module.  Escalated to shift supervisor.,sensor module,intermittent fault,Medium
988,2025-08-24,M-046,TECH-13,"During inspection, bearing seizure was observed near the structural frame.",structural frame,bearing seizure,High
989,2025-08-23,M-046,TECH-13,Operator reported calibration check passed originating from the lubrication line.,lubrication line,calibration check passed,Low
990,2025-07-26,M-039,TECH-14,Unusual behavior detected: coolant flow restriction linked to the cooling fan.  Recommend scheduling maintenance.,cooling fan,coolant flow restriction,High
991,2025-10-10,M-023,TECH-12,Maintenance check revealed bearing seizure affecting the bearing.,bearing,bearing seizure,High
992,2025-06-14,M-050,TECH-14,"Preventive check: slight noise during operation detected, belt scheduled for review.  Logged for next scheduled downtime.",belt,slight noise during operation,Low
993,2025-11-05,M-020,TECH-08,"Unusual behavior detected: lubrication topped up linked to the sensor.  Monitored, no immediate action taken.",sensor,lubrication topped up,Low
994,2025-09-25,M-008,TECH-02,Blade showing signs of worn cutting edge after extended run time.  Escalated to shift supervisor.,blade,worn cutting edge,Medium
995,2025-01-28,M-026,TECH-05,Routine audit flagged bearing seizure on the coupling.  Parts ordered for replacement.,coupling,bearing seizure,High
996,2025-12-04,M-024,TECH-05,"Machine is showing bearing seizure and the coupling needs replacement.  Monitored, no immediate action taken.",coupling,bearing seizure,High
997,2025-04-27,M-020,TECH-14,Routine audit flagged slight noise during operation on the filter.  Escalated to shift supervisor.,filter,slight noise during operation,Medium
998,2025-11-13,M-010,TECH-14,Coupling showing signs of torque beyond rated limit after extended run time.,coupling,torque beyond rated limit,High
999,2025-12-16,M-029,TECH-03,"Maintenance check revealed slight noise during operation affecting the valve.  Monitored, no immediate action taken.",valve,slight noise during operation,Medium
1000,2025-11-11,M-034,TECH-06,"Preventive check: no repeatable cause identified detected, control unit scheduled for review.  Monitored, no immediate action taken.",control unit,no repeatable cause identified,High
1001,2025-09-23,M-008,TECH-12,Operator reported tool degradation originating from the tool holder.  Logged for next scheduled downtime.,tool holder,tool degradation,High
1002,2025-08-29,M-020,TECH-08,Log entry: no repeatable cause identified reported for unknown component during shift inspection.,unknown component,no repeatable cause identified,Low
1003,2025-03-06,M-037,TECH-14,Technician noted structural stress cracking while servicing the gearbox.  Recommend scheduling maintenance.,gearbox,structural stress cracking,High
1004,2025-05-08,M-046,TECH-13,Drive controller showing signs of power failure after extended run time.  Escalated to shift supervisor.,drive controller,power failure,Medium
1005,2025-07-16,M-014,TECH-10,"Inverter showing signs of abnormal current draw after extended run time.  Monitored, no immediate action taken.",inverter,abnormal current draw,High
1006,2025-12-29,M-046,TECH-07,Technician noted coolant flow restriction while servicing the heat sink.  Recommend scheduling maintenance.,heat sink,coolant flow restriction,High
1007,2025-07-15,M-036,TECH-10,"Preventive check: coolant flow restriction detected, radiator scheduled for review.",radiator,coolant flow restriction,High
1008,2025-12-12,M-022,TECH-04,Machine is showing power failure and the motor needs replacement.  Recommend scheduling maintenance.,motor,power failure,High
1009,2025-08-13,M-060,TECH-05,Alert triggered due to minor vibration noted at the lubrication line.,lubrication line,minor vibration noted,Low
1010,2025-07-25,M-056,TECH-12,Machine is showing motor stalling under load and the drive controller needs replacement.  Logged for next scheduled downtime.,drive controller,motor stalling under load,Medium
1011,2025-12-01,M-059,TECH-06,Alert triggered due to overstrain under excessive load at the coupling.,coupling,overstrain under excessive load,High
1012,2025-07-16,M-019,TECH-06,Log entry: torque beyond rated limit reported for coupling during shift inspection.  Parts ordered for replacement.,coupling,torque beyond rated limit,High
1013,2025-04-04,M-024,TECH-07,"Unusual behavior detected: voltage fluctuation linked to the drive controller.  Monitored, no immediate action taken.",drive controller,voltage fluctuation,High
1014,2025-11-30,M-045,TECH-15,Unknown component inspection found sporadic signal loss; recommend follow-up.,unknown component,sporadic signal loss,Low
1015,2025-11-13,M-054,TECH-06,Coupling showing signs of torque beyond rated limit after extended run time.,coupling,torque beyond rated limit,High
1016,2025-11-16,M-013,TECH-04,Alert triggered due to lubrication topped up at the sensor.  Recommend scheduling maintenance.,sensor,lubrication topped up,Low
1017,2025-11-02,M-050,TECH-03,Maintenance check revealed slight noise during operation affecting the filter.  Escalated to shift supervisor.,filter,slight noise during operation,Medium
1018,2025-01-10,M-047,TECH-03,Blade showing signs of worn cutting edge after extended run time.  Parts ordered for replacement.,blade,worn cutting edge,High
1019,2025-07-18,M-041,TECH-10,Alert triggered due to intermittent fault at the unknown component.  Parts ordered for replacement.,unknown component,intermittent fault,Medium
1020,2025-05-23,M-058,TECH-10,Maintenance check revealed sporadic signal loss affecting the wiring harness.  Parts ordered for replacement.,wiring harness,sporadic signal loss,Medium
1021,2025-10-22,M-058,TECH-15,Unusual behavior detected: tool degradation linked to the cutting tool.  Logged for next scheduled downtime.,cutting tool,tool degradation,Medium
1022,2025-12-24,M-021,TECH-02,Machine is showing bearing seizure and the gearbox needs replacement.,gearbox,bearing seizure,High
1023,2025-12-12,M-046,TECH-01,Operator reported voltage fluctuation originating from the drive controller.  Recommend scheduling maintenance.,drive controller,voltage fluctuation,High
1024,2025-03-06,M-032,TECH-01,"Pump showing signs of minor leak, monitored after extended run time.",pump,"minor leak, monitored",Medium
1025,2025-04-02,M-028,TECH-07,Machine is showing excessive tool wear and the milling tool needs replacement.,milling tool,excessive tool wear,Medium
1026,2025-08-29,M-002,TECH-12,"Technician noted rising process temperature while servicing the coolant pump.  Monitored, no immediate action taken.",coolant pump,rising process temperature,High
1027,2025-07-14,M-047,TECH-01,Log entry: structural stress cracking reported for structural frame during shift inspection.,structural frame,structural stress cracking,High
1028,2025-12-20,M-003,TECH-10,Maintenance check revealed excessive tool wear affecting the blade.,blade,excessive tool wear,Medium
1029,2025-08-19,M-036,TECH-14,Routine audit flagged tool degradation on the blade.  Parts ordered for replacement.,blade,tool degradation,High
1030,2025-12-31,M-007,TECH-03,Unusual behavior detected: poor heat dissipation linked to the ventilation duct.  Logged for next scheduled downtime.,ventilation duct,poor heat dissipation,High
1031,2025-05-20,M-040,TECH-08,Drill bit showing signs of tool wear beyond threshold after extended run time.  Logged for next scheduled downtime.,drill bit,tool wear beyond threshold,Medium
1032,2025-07-02,M-003,TECH-08,Operator reported blunt tool causing poor finish originating from the blade.,blade,blunt tool causing poor finish,High
1033,2025-04-29,M-054,TECH-09,Maintenance check revealed torque beyond rated limit affecting the structural frame.,structural frame,torque beyond rated limit,High
1034,2025-03-28,M-015,TECH-06,"Preventive check: minor leak, monitored detected, belt scheduled for review.  Escalated to shift supervisor.",belt,"minor leak, monitored",Medium
1035,2025-08-10,M-002,TECH-08,Power supply unit showing signs of motor stalling under load after extended run time.,power supply unit,motor stalling under load,High
1036,2025-08-23,M-060,TECH-03,Unusual behavior detected: torque beyond rated limit linked to the structural frame.,structural frame,torque beyond rated limit,High
1037,2025-04-13,M-011,TECH-14,Technician noted calibration check passed while servicing the lubrication line.  Parts ordered for replacement.,lubrication line,calibration check passed,Medium
1038,2025-01-23,M-016,TECH-12,"Preventive check: calibration check passed detected, bearing scheduled for review.",bearing,calibration check passed,Low
1039,2025-05-26,M-060,TECH-06,Log entry: minor vibration noted reported for sensor during shift inspection.,sensor,minor vibration noted,Low
1040,2025-01-12,M-045,TECH-05,"Log entry: minor leak, monitored reported for filter during shift inspection.  Monitored, no immediate action taken.",filter,"minor leak, monitored",Low
1041,2025-04-27,M-026,TECH-04,"Operator reported random error code originating from the wiring harness.  Monitored, no immediate action taken.",wiring harness,random error code,Medium
1042,2025-11-23,M-018,TECH-15,Maintenance check revealed poor heat dissipation affecting the ventilation duct.  Logged for next scheduled downtime.,ventilation duct,poor heat dissipation,High
1043,2025-12-15,M-010,TECH-14,"Preventive check: scheduled inspection completed detected, lubrication line scheduled for review.  Parts ordered for replacement.",lubrication line,scheduled inspection completed,Low
1044,2025-12-22,M-022,TECH-07,"During inspection, lubrication topped up was observed near the pump.",pump,lubrication topped up,Low
1045,2025-01-30,M-040,TECH-11,Gearbox showing signs of structural stress cracking after extended run time.,gearbox,structural stress cracking,High
1046,2025-03-28,M-058,TECH-12,Unknown component showing signs of unexplained shutdown after extended run time.  Escalated to shift supervisor.,unknown component,unexplained shutdown,Low
1047,2025-11-11,M-058,TECH-11,Routine audit flagged routine wear observed on the bearing.  Recommend scheduling maintenance.,bearing,routine wear observed,Low
1048,2025-05-27,M-005,TECH-12,Sensor inspection found calibration check passed; recommend follow-up.  Logged for next scheduled downtime.,sensor,calibration check passed,Low
1049,2025-02-21,M-026,TECH-07,Maintenance check revealed structural stress cracking affecting the main shaft.  Parts ordered for replacement.,main shaft,structural stress cracking,High
1050,2025-08-01,M-007,TECH-05,Machine is showing scheduled inspection completed and the lubrication line needs replacement.  Logged for next scheduled downtime.,lubrication line,scheduled inspection completed,Low
1051,2025-01-13,M-029,TECH-09,Maintenance check revealed worn cutting edge affecting the cutting tool.,cutting tool,worn cutting edge,High
1052,2025-08-06,M-012,TECH-08,Unusual behavior detected: tool degradation linked to the tool holder.  Escalated to shift supervisor.,tool holder,tool degradation,High
1053,2025-06-30,M-029,TECH-09,"During inspection, abnormal current draw was observed near the drive controller.  Monitored, no immediate action taken.",drive controller,abnormal current draw,High
1054,2025-08-29,M-056,TECH-01,"During inspection, scheduled inspection completed was observed near the sensor.  Parts ordered for replacement.",sensor,scheduled inspection completed,Medium
1055,2025-02-25,M-009,TECH-02,Technician noted voltage fluctuation while servicing the electrical panel.  Parts ordered for replacement.,electrical panel,voltage fluctuation,High
1056,2025-05-22,M-023,TECH-14,Alert triggered due to blunt tool causing poor finish at the cutting tool.  Escalated to shift supervisor.,cutting tool,blunt tool causing poor finish,Medium
1057,2025-08-19,M-014,TECH-08,"Preventive check: voltage fluctuation detected, drive controller scheduled for review.  Parts ordered for replacement.",drive controller,voltage fluctuation,High
1058,2025-12-31,M-036,TECH-15,Maintenance check revealed blunt tool causing poor finish affecting the blade.  Logged for next scheduled downtime.,blade,blunt tool causing poor finish,Medium
1059,2025-04-13,M-038,TECH-15,Log entry: overheating reported for cooling fan during shift inspection.  Recommend scheduling maintenance.,cooling fan,overheating,High
1060,2025-05-13,M-058,TECH-06,Operator reported rising process temperature originating from the radiator.  Parts ordered for replacement.,radiator,rising process temperature,Medium
1061,2025-04-18,M-004,TECH-10,Routine audit flagged intermittent fault on the unknown component.,unknown component,intermittent fault,Low
1062,2025-04-19,M-029,TECH-10,Operator reported voltage fluctuation originating from the power supply unit.,power supply unit,voltage fluctuation,High
1063,2025-10-05,M-038,TECH-12,Maintenance check revealed scheduled inspection completed affecting the lubrication line.,lubrication line,scheduled inspection completed,Low
1064,2025-02-21,M-025,TECH-10,Machine is showing worn cutting edge and the milling tool needs replacement.  Recommend scheduling maintenance.,milling tool,worn cutting edge,High
1065,2025-09-06,M-022,TECH-10,"During inspection, shaft deformation was observed near the gearbox.  Escalated to shift supervisor.",gearbox,shaft deformation,High
1066,2025-11-14,M-016,TECH-04,"During inspection, scheduled inspection completed was observed near the pump.",pump,scheduled inspection completed,Low
1067,2025-03-10,M-009,TECH-06,"During inspection, no repeatable cause identified was observed near the wiring harness.  Parts ordered for replacement.",wiring harness,no repeatable cause identified,Medium
1068,2025-04-26,M-049,TECH-12,Log entry: rising process temperature reported for cooling fan during shift inspection.  Recommend scheduling maintenance.,cooling fan,rising process temperature,High
1069,2025-04-08,M-036,TECH-11,Unusual behavior detected: abnormal current draw linked to the electrical panel.  Escalated to shift supervisor.,electrical panel,abnormal current draw,High
1070,2025-11-29,M-045,TECH-06,Ventilation duct showing signs of fan not spinning at rated speed after extended run time.  Logged for next scheduled downtime.,ventilation duct,fan not spinning at rated speed,High
1071,2025-09-24,M-056,TECH-04,Routine audit flagged overheating on the radiator.,radiator,overheating,High
1072,2025-09-20,M-039,TECH-12,Operator reported calibration check passed originating from the sensor.  Parts ordered for replacement.,sensor,calibration check passed,Medium
1073,2025-09-17,M-034,TECH-09,Unusual behavior detected: routine wear observed linked to the gasket.,gasket,routine wear observed,Low
1074,2025-06-24,M-032,TECH-05,"During inspection, overheating was observed near the coolant pump.  Recommend scheduling maintenance.",coolant pump,overheating,High
1075,2025-12-04,M-051,TECH-13,"Operator reported torque beyond rated limit originating from the coupling.  Monitored, no immediate action taken.",coupling,torque beyond rated limit,Medium
1076,2025-12-27,M-045,TECH-10,Routine audit flagged routine wear observed on the filter.  Recommend scheduling maintenance.,filter,routine wear observed,Low
1077,2025-01-23,M-036,TECH-07,Operator reported blunt tool causing poor finish originating from the milling tool.  Parts ordered for replacement.,milling tool,blunt tool causing poor finish,High
1078,2025-07-26,M-047,TECH-03,Main shaft showing signs of structural stress cracking after extended run time.  Parts ordered for replacement.,main shaft,structural stress cracking,High
1079,2025-02-05,M-060,TECH-15,Alert triggered due to lubrication topped up at the pump.,pump,lubrication topped up,Low
1080,2025-07-08,M-030,TECH-01,Alert triggered due to voltage fluctuation at the power supply unit.,power supply unit,voltage fluctuation,High
1081,2025-09-06,M-058,TECH-06,Alert triggered due to tool wear beyond threshold at the milling tool.,milling tool,tool wear beyond threshold,High
1082,2025-02-02,M-034,TECH-02,"Preventive check: no issue found detected, gasket scheduled for review.  Parts ordered for replacement.",gasket,no issue found,Low
1083,2025-09-30,M-007,TECH-15,Milling tool showing signs of worn cutting edge after extended run time.,milling tool,worn cutting edge,High
1084,2025-12-08,M-033,TECH-05,"During inspection, lubrication topped up was observed near the valve.  Monitored, no immediate action taken.",valve,lubrication topped up,Low
1085,2025-04-28,M-056,TECH-12,Operator reported bearing seizure originating from the bearing.  Parts ordered for replacement.,bearing,bearing seizure,High
1086,2025-09-14,M-009,TECH-08,"Log entry: tool degradation reported for tool holder during shift inspection.  Monitored, no immediate action taken.",tool holder,tool degradation,Medium
1087,2025-05-30,M-050,TECH-09,Coupling inspection found shaft deformation; recommend follow-up.  Escalated to shift supervisor.,coupling,shaft deformation,High
1088,2025-03-06,M-011,TECH-06,"Unusual behavior detected: minor vibration noted linked to the gasket.  Monitored, no immediate action taken.",gasket,minor vibration noted,Low
1089,2025-07-04,M-055,TECH-05,Operator reported minor vibration noted originating from the lubrication line.,lubrication line,minor vibration noted,Low
1090,2025-07-04,M-034,TECH-15,Machine is showing worn cutting edge and the cutting tool needs replacement.  Recommend scheduling maintenance.,cutting tool,worn cutting edge,Medium
1091,2025-07-24,M-046,TECH-05,"Preventive check: slight noise during operation detected, pump scheduled for review.  Recommend scheduling maintenance.",pump,slight noise during operation,Medium
1092,2025-01-06,M-021,TECH-09,Blade showing signs of tool wear beyond threshold after extended run time.,blade,tool wear beyond threshold,High
1093,2025-04-14,M-048,TECH-11,Technician noted excessive tool wear while servicing the milling tool.  Recommend scheduling maintenance.,milling tool,excessive tool wear,High
1094,2025-04-24,M-022,TECH-12,Log entry: minor vibration noted reported for pump during shift inspection.  Recommend scheduling maintenance.,pump,minor vibration noted,Low
1095,2025-05-13,M-004,TECH-12,"Preventive check: bearing seizure detected, structural frame scheduled for review.  Recommend scheduling maintenance.",structural frame,bearing seizure,High
1096,2025-11-07,M-042,TECH-15,Radiator inspection found rising process temperature; recommend follow-up.,radiator,rising process temperature,High
1097,2025-09-09,M-008,TECH-05,Heat sink inspection found rising process temperature; recommend follow-up.,heat sink,rising process temperature,High
1098,2025-09-02,M-001,TECH-04,"During inspection, slight noise during operation was observed near the sensor.",sensor,slight noise during operation,Low
1099,2025-08-17,M-056,TECH-03,Sensor inspection found minor vibration noted; recommend follow-up.  Logged for next scheduled downtime.,sensor,minor vibration noted,Low
1100,2025-03-18,M-042,TECH-13,Alert triggered due to blunt tool causing poor finish at the cutting tool.  Logged for next scheduled downtime.,cutting tool,blunt tool causing poor finish,Medium
1101,2025-12-30,M-011,TECH-06,Bearing inspection found routine wear observed; recommend follow-up.,bearing,routine wear observed,Low
1102,2025-07-23,M-019,TECH-13,"Preventive check: unexplained shutdown detected, unknown component scheduled for review.",unknown component,unexplained shutdown,Medium
1103,2025-11-01,M-032,TECH-11,"During inspection, slight noise during operation was observed near the bearing.  Recommend scheduling maintenance.",bearing,slight noise during operation,Low
1104,2025-12-24,M-003,TECH-04,Unusual behavior detected: structural stress cracking linked to the coupling.,coupling,structural stress cracking,High
1105,2025-06-30,M-050,TECH-07,"During inspection, excessive tool wear was observed near the drill bit.  Monitored, no immediate action taken.",drill bit,excessive tool wear,High
1106,2025-12-08,M-023,TECH-08,Ventilation duct showing signs of coolant flow restriction after extended run time.  Parts ordered for replacement.,ventilation duct,coolant flow restriction,High
1107,2025-09-12,M-058,TECH-02,Operator reported unexplained shutdown originating from the PLC.,PLC,unexplained shutdown,Low
1108,2025-08-14,M-044,TECH-09,Machine is showing shaft deformation and the main shaft needs replacement.,main shaft,shaft deformation,High
1109,2025-09-20,M-030,TECH-03,Routine audit flagged routine wear observed on the lubrication line.,lubrication line,routine wear observed,Medium
1110,2025-12-13,M-034,TECH-11,Technician noted rising process temperature while servicing the cooling fan.  Logged for next scheduled downtime.,cooling fan,rising process temperature,High
1111,2025-04-20,M-020,TECH-04,Blade inspection found excessive tool wear; recommend follow-up.,blade,excessive tool wear,High
1112,2025-07-16,M-028,TECH-09,"During inspection, sporadic signal loss was observed near the PLC.",PLC,sporadic signal loss,High
1113,2025-04-27,M-003,TECH-11,"Preventive check: lubrication topped up detected, sensor scheduled for review.",sensor,lubrication topped up,Low
1114,2025-09-27,M-050,TECH-02,Operator reported lubrication topped up originating from the gasket.,gasket,lubrication topped up,Low
1115,2025-09-22,M-013,TECH-03,"Preventive check: no issue found detected, valve scheduled for review.  Monitored, no immediate action taken.",valve,no issue found,Low
1116,2025-02-09,M-027,TECH-08,"Preventive check: fan not spinning at rated speed detected, ventilation duct scheduled for review.",ventilation duct,fan not spinning at rated speed,High
1117,2025-07-07,M-022,TECH-04,"During inspection, no repeatable cause identified was observed near the unknown component.",unknown component,no repeatable cause identified,Medium
1118,2025-08-15,M-023,TECH-10,Tool holder inspection found blunt tool causing poor finish; recommend follow-up.,tool holder,blunt tool causing poor finish,High
1119,2025-05-23,M-028,TECH-09,Machine is showing shaft deformation and the coupling needs replacement.  Recommend scheduling maintenance.,coupling,shaft deformation,Medium
1120,2025-03-24,M-018,TECH-13,Machine is showing scheduled inspection completed and the pump needs replacement.  Recommend scheduling maintenance.,pump,scheduled inspection completed,Low
1121,2025-05-31,M-020,TECH-08,"During inspection, abnormal current draw was observed near the power supply unit.  Monitored, no immediate action taken.",power supply unit,abnormal current draw,Medium
1122,2025-04-03,M-032,TECH-13,Blade showing signs of tool degradation after extended run time.  Logged for next scheduled downtime.,blade,tool degradation,High
1123,2025-12-02,M-055,TECH-04,"Alert triggered due to random error code at the control unit.  Monitored, no immediate action taken.",control unit,random error code,Low
1124,2025-12-13,M-005,TECH-02,Electrical panel showing signs of power failure after extended run time.  Parts ordered for replacement.,electrical panel,power failure,High
1125,2025-03-22,M-001,TECH-11,Alert triggered due to scheduled inspection completed at the pump.,pump,scheduled inspection completed,Medium
1126,2025-06-17,M-023,TECH-02,Maintenance check revealed overheating affecting the radiator.  Logged for next scheduled downtime.,radiator,overheating,High
1127,2025-06-29,M-023,TECH-07,Technician noted coolant flow restriction while servicing the cooling fan.  Escalated to shift supervisor.,cooling fan,coolant flow restriction,High
1128,2025-05-16,M-040,TECH-13,Routine audit flagged coolant flow restriction on the radiator.  Logged for next scheduled downtime.,radiator,coolant flow restriction,High
1129,2025-10-22,M-047,TECH-14,Machine is showing voltage fluctuation and the power supply unit needs replacement.  Escalated to shift supervisor.,power supply unit,voltage fluctuation,High
1130,2025-07-30,M-038,TECH-05,Drive controller showing signs of abnormal current draw after extended run time.  Parts ordered for replacement.,drive controller,abnormal current draw,Medium
1131,2025-11-27,M-050,TECH-11,Operator reported minor vibration noted originating from the lubrication line.,lubrication line,minor vibration noted,Low
1132,2025-10-29,M-016,TECH-04,Log entry: blunt tool causing poor finish reported for milling tool during shift inspection.  Logged for next scheduled downtime.,milling tool,blunt tool causing poor finish,High
1133,2025-10-20,M-029,TECH-15,"Alert triggered due to minor leak, monitored at the belt.",belt,"minor leak, monitored",Low
1134,2025-07-08,M-010,TECH-02,"Log entry: rising process temperature reported for cooling fan during shift inspection.  Monitored, no immediate action taken.",cooling fan,rising process temperature,High
1135,2025-10-03,M-057,TECH-11,"Operator reported power failure originating from the electrical panel.  Monitored, no immediate action taken.",electrical panel,power failure,High
1136,2025-12-05,M-001,TECH-01,Operator reported motor stalling under load originating from the power supply unit.,power supply unit,motor stalling under load,Medium
1137,2025-03-16,M-018,TECH-04,Technician noted voltage fluctuation while servicing the power supply unit.,power supply unit,voltage fluctuation,High
1138,2025-01-09,M-023,TECH-07,"Operator reported unexplained shutdown originating from the PLC.  Monitored, no immediate action taken.",PLC,unexplained shutdown,Medium
1139,2025-09-06,M-033,TECH-07,Alert triggered due to overstrain under excessive load at the main shaft.,main shaft,overstrain under excessive load,Medium
1140,2025-04-29,M-050,TECH-02,"Alert triggered due to bearing seizure at the gearbox.  Monitored, no immediate action taken.",gearbox,bearing seizure,High
1141,2025-12-15,M-020,TECH-14,"Preventive check: random error code detected, sensor module scheduled for review.  Recommend scheduling maintenance.",sensor module,random error code,Medium
1142,2025-09-15,M-035,TECH-01,Technician noted excessive tool wear while servicing the drill bit.  Logged for next scheduled downtime.,drill bit,excessive tool wear,High
1143,2025-04-18,M-033,TECH-13,Unknown component inspection found sporadic signal loss; recommend follow-up.,unknown component,sporadic signal loss,High
1144,2025-11-29,M-004,TECH-05,Machine is showing structural stress cracking and the gearbox needs replacement.,gearbox,structural stress cracking,High
1145,2025-04-09,M-060,TECH-02,"Operator reported structural stress cracking originating from the structural frame.  Monitored, no immediate action taken.",structural frame,structural stress cracking,High
1146,2025-05-09,M-012,TECH-04,"During inspection, worn cutting edge was observed near the cutting tool.  Logged for next scheduled downtime.",cutting tool,worn cutting edge,High
1147,2025-07-03,M-012,TECH-15,Unusual behavior detected: no repeatable cause identified linked to the sensor module.,sensor module,no repeatable cause identified,Medium
1148,2025-11-17,M-050,TECH-15,Unusual behavior detected: minor vibration noted linked to the gasket.,gasket,minor vibration noted,Low
1149,2025-11-30,M-022,TECH-07,Log entry: shaft deformation reported for coupling during shift inspection.  Escalated to shift supervisor.,coupling,shaft deformation,High
1150,2025-03-31,M-050,TECH-14,Log entry: worn cutting edge reported for blade during shift inspection.,blade,worn cutting edge,High
1151,2025-08-21,M-044,TECH-11,Machine is showing overstrain under excessive load and the structural frame needs replacement.  Escalated to shift supervisor.,structural frame,overstrain under excessive load,High
1152,2025-10-18,M-017,TECH-09,"Routine audit flagged blunt tool causing poor finish on the blade.  Monitored, no immediate action taken.",blade,blunt tool causing poor finish,High
1153,2025-04-11,M-050,TECH-13,Log entry: slight noise during operation reported for sensor during shift inspection.  Logged for next scheduled downtime.,sensor,slight noise during operation,Low
1154,2025-03-03,M-039,TECH-13,"Operator reported random error code originating from the sensor module.  Monitored, no immediate action taken.",sensor module,random error code,Low
1155,2025-02-09,M-009,TECH-09,Routine audit flagged blunt tool causing poor finish on the tool holder.,tool holder,blunt tool causing poor finish,Medium
1156,2025-08-05,M-046,TECH-04,"Gearbox inspection found structural stress cracking; recommend follow-up.  Monitored, no immediate action taken.",gearbox,structural stress cracking,Medium
1157,2025-08-08,M-001,TECH-12,"Routine audit flagged poor heat dissipation on the coolant pump.  Monitored, no immediate action taken.",coolant pump,poor heat dissipation,High
1158,2025-02-04,M-005,TECH-10,"During inspection, minor vibration noted was observed near the gasket.",gasket,minor vibration noted,Medium
1159,2025-05-16,M-005,TECH-08,Bearing showing signs of scheduled inspection completed after extended run time.,bearing,scheduled inspection completed,Low
1160,2025-10-14,M-051,TECH-15,Maintenance check revealed poor heat dissipation affecting the cooling fan.  Recommend scheduling maintenance.,cooling fan,poor heat dissipation,Medium
1161,2025-08-20,M-059,TECH-09,Alert triggered due to poor heat dissipation at the ventilation duct.  Parts ordered for replacement.,ventilation duct,poor heat dissipation,High
1162,2025-07-21,M-022,TECH-08,"Alert triggered due to excessive tool wear at the cutting tool.  Monitored, no immediate action taken.",cutting tool,excessive tool wear,Medium
1163,2025-12-15,M-053,TECH-10,"Alert triggered due to minor leak, monitored at the belt.  Monitored, no immediate action taken.",belt,"minor leak, monitored",Low
1164,2025-06-20,M-024,TECH-15,Inverter showing signs of sudden power loss after extended run time.,inverter,sudden power loss,High
1165,2025-08-16,M-043,TECH-09,"Alert triggered due to power failure at the drive controller.  Monitored, no immediate action taken.",drive controller,power failure,Medium
1166,2025-06-19,M-043,TECH-06,"Maintenance check revealed minor leak, monitored affecting the pump.  Recommend scheduling maintenance.",pump,"minor leak, monitored",Low
1167,2025-01-21,M-029,TECH-14,Unusual behavior detected: sporadic signal loss linked to the unknown component.  Recommend scheduling maintenance.,unknown component,sporadic signal loss,High
1168,2025-09-21,M-010,TECH-10,Routine audit flagged scheduled inspection completed on the bearing.  Logged for next scheduled downtime.,bearing,scheduled inspection completed,Low
1169,2025-07-12,M-042,TECH-12,"Preventive check: sudden power loss detected, power supply unit scheduled for review.",power supply unit,sudden power loss,High
1170,2025-09-09,M-033,TECH-12,Log entry: worn cutting edge reported for drill bit during shift inspection.,drill bit,worn cutting edge,High
1171,2025-09-18,M-007,TECH-04,Routine audit flagged excessive tool wear on the drill bit.,drill bit,excessive tool wear,High
1172,2025-10-20,M-022,TECH-03,Unusual behavior detected: overstrain under excessive load linked to the main shaft.  Escalated to shift supervisor.,main shaft,overstrain under excessive load,High
1173,2025-03-13,M-045,TECH-01,"Unknown component inspection found sporadic signal loss; recommend follow-up.  Monitored, no immediate action taken.",unknown component,sporadic signal loss,Medium
1174,2025-12-30,M-013,TECH-01,"Technician noted blunt tool causing poor finish while servicing the tool holder.  Monitored, no immediate action taken.",tool holder,blunt tool causing poor finish,High
1175,2025-08-31,M-016,TECH-13,Operator reported calibration check passed originating from the sensor.  Logged for next scheduled downtime.,sensor,calibration check passed,Low
1176,2025-10-05,M-006,TECH-04,"Bearing inspection found shaft deformation; recommend follow-up.  Monitored, no immediate action taken.",bearing,shaft deformation,Medium
1177,2025-10-16,M-047,TECH-13,"Log entry: tool wear beyond threshold reported for tool holder during shift inspection.  Monitored, no immediate action taken.",tool holder,tool wear beyond threshold,Medium
1178,2025-02-17,M-052,TECH-03,Maintenance check revealed minor vibration noted affecting the belt.  Logged for next scheduled downtime.,belt,minor vibration noted,Medium
1179,2025-07-25,M-020,TECH-10,Cooling fan inspection found fan not spinning at rated speed; recommend follow-up.,cooling fan,fan not spinning at rated speed,Medium
1180,2025-12-30,M-029,TECH-06,Routine audit flagged overheating on the coolant pump.,coolant pump,overheating,High
1181,2025-04-09,M-011,TECH-04,Routine audit flagged routine wear observed on the gasket.,gasket,routine wear observed,Medium
1182,2025-01-14,M-054,TECH-07,Routine audit flagged unexplained shutdown on the PLC.,PLC,unexplained shutdown,Low
1183,2025-10-12,M-001,TECH-09,"Preventive check: scheduled inspection completed detected, sensor scheduled for review.  Escalated to shift supervisor.",sensor,scheduled inspection completed,Low
1184,2025-05-24,M-011,TECH-02,"Operator reported overstrain under excessive load originating from the gearbox.  Monitored, no immediate action taken.",gearbox,overstrain under excessive load,High
1185,2025-05-02,M-036,TECH-05,Tool holder inspection found worn cutting edge; recommend follow-up.,tool holder,worn cutting edge,High
1186,2025-12-20,M-041,TECH-07,"Unusual behavior detected: routine wear observed linked to the gasket.  Monitored, no immediate action taken.",gasket,routine wear observed,Low
1187,2025-05-03,M-008,TECH-01,"Maintenance check revealed routine wear observed affecting the pump.  Monitored, no immediate action taken.",pump,routine wear observed,Medium
1188,2025-12-26,M-044,TECH-08,Log entry: excessive tool wear reported for milling tool during shift inspection.  Escalated to shift supervisor.,milling tool,excessive tool wear,High
1189,2025-09-18,M-059,TECH-10,Technician noted calibration check passed while servicing the filter.  Recommend scheduling maintenance.,filter,calibration check passed,Low
1190,2025-08-09,M-049,TECH-01,Alert triggered due to coolant flow restriction at the ventilation duct.,ventilation duct,coolant flow restriction,High
1191,2025-02-23,M-006,TECH-13,"Preventive check: torque beyond rated limit detected, coupling scheduled for review.",coupling,torque beyond rated limit,High
1192,2025-02-20,M-041,TECH-06,Operator reported unexplained shutdown originating from the wiring harness.,wiring harness,unexplained shutdown,Low
1193,2025-12-14,M-022,TECH-07,Alert triggered due to voltage fluctuation at the drive controller.  Parts ordered for replacement.,drive controller,voltage fluctuation,Medium
1194,2025-08-12,M-032,TECH-09,Heat sink inspection found overheating; recommend follow-up.  Logged for next scheduled downtime.,heat sink,overheating,Medium
1195,2025-05-21,M-032,TECH-01,Machine is showing bearing seizure and the coupling needs replacement.  Logged for next scheduled downtime.,coupling,bearing seizure,High
1196,2025-11-13,M-016,TECH-03,Operator reported motor stalling under load originating from the drive controller.  Parts ordered for replacement.,drive controller,motor stalling under load,High
1197,2025-05-10,M-054,TECH-07,Technician noted abnormal current draw while servicing the motor.,motor,abnormal current draw,Medium
1198,2025-01-25,M-045,TECH-11,"Preventive check: slight noise during operation detected, pump scheduled for review.  Monitored, no immediate action taken.",pump,slight noise during operation,Low
1199,2025-05-01,M-030,TECH-06,"Preventive check: rising process temperature detected, cooling fan scheduled for review.",cooling fan,rising process temperature,Medium
1200,2025-08-29,M-008,TECH-04,Alert triggered due to shaft deformation at the bearing.  Parts ordered for replacement.,bearing,shaft deformation,Medium
1201,2025-01-08,M-023,TECH-11,Alert triggered due to unexplained shutdown at the sensor module.  Recommend scheduling maintenance.,sensor module,unexplained shutdown,Low
1202,2025-11-27,M-052,TECH-01,Routine audit flagged worn cutting edge on the tool holder.  Logged for next scheduled downtime.,tool holder,worn cutting edge,High
1203,2025-07-06,M-034,TECH-04,Technician noted fan not spinning at rated speed while servicing the ventilation duct.,ventilation duct,fan not spinning at rated speed,High
1204,2025-11-21,M-014,TECH-11,Maintenance check revealed no issue found affecting the gasket.  Escalated to shift supervisor.,gasket,no issue found,Low
1205,2025-10-03,M-053,TECH-15,Maintenance check revealed shaft deformation affecting the gearbox.  Escalated to shift supervisor.,gearbox,shaft deformation,High
1206,2025-09-22,M-041,TECH-04,"During inspection, tool degradation was observed near the milling tool.  Parts ordered for replacement.",milling tool,tool degradation,Medium
1207,2025-07-21,M-060,TECH-14,Maintenance check revealed no issue found affecting the belt.,belt,no issue found,Low
1208,2025-03-15,M-019,TECH-08,Unusual behavior detected: power failure linked to the motor.,motor,power failure,Medium
1209,2025-09-23,M-001,TECH-03,Unusual behavior detected: overheating linked to the radiator.,radiator,overheating,High
1210,2025-09-10,M-004,TECH-13,Routine audit flagged no repeatable cause identified on the sensor module.  Recommend scheduling maintenance.,sensor module,no repeatable cause identified,Medium
1211,2025-12-23,M-019,TECH-07,Pump inspection found minor vibration noted; recommend follow-up.  Logged for next scheduled downtime.,pump,minor vibration noted,Medium
1212,2025-02-09,M-054,TECH-05,Machine is showing calibration check passed and the sensor needs replacement.  Escalated to shift supervisor.,sensor,calibration check passed,Low
1213,2025-05-07,M-032,TECH-14,Log entry: bearing seizure reported for structural frame during shift inspection.,structural frame,bearing seizure,Medium
1214,2025-08-23,M-020,TECH-05,"Preventive check: bearing seizure detected, coupling scheduled for review.",coupling,bearing seizure,High
1215,2025-02-21,M-014,TECH-02,"Machine is showing minor leak, monitored and the bearing needs replacement.  Recommend scheduling maintenance.",bearing,"minor leak, monitored",Low
1216,2025-11-14,M-022,TECH-14,Machine is showing routine wear observed and the lubrication line needs replacement.  Parts ordered for replacement.,lubrication line,routine wear observed,Low
1217,2025-11-29,M-016,TECH-12,Log entry: rising process temperature reported for cooling fan during shift inspection.,cooling fan,rising process temperature,High
1218,2025-06-23,M-004,TECH-07,Lubrication line showing signs of minor vibration noted after extended run time.,lubrication line,minor vibration noted,Low
1219,2025-01-12,M-029,TECH-08,"During inspection, worn cutting edge was observed near the cutting tool.  Monitored, no immediate action taken.",cutting tool,worn cutting edge,High
1220,2025-03-29,M-037,TECH-04,"Preventive check: worn cutting edge detected, blade scheduled for review.  Monitored, no immediate action taken.",blade,worn cutting edge,Medium
1221,2025-06-28,M-042,TECH-14,Pump showing signs of routine wear observed after extended run time.,pump,routine wear observed,Low
1222,2025-01-10,M-050,TECH-05,Operator reported no repeatable cause identified originating from the control unit.  Logged for next scheduled downtime.,control unit,no repeatable cause identified,Low
1223,2025-07-21,M-040,TECH-01,Unusual behavior detected: overstrain under excessive load linked to the gearbox.  Logged for next scheduled downtime.,gearbox,overstrain under excessive load,High
1224,2025-04-06,M-051,TECH-08,Machine is showing scheduled inspection completed and the pump needs replacement.  Parts ordered for replacement.,pump,scheduled inspection completed,Medium
1225,2025-04-01,M-052,TECH-13,Maintenance check revealed scheduled inspection completed affecting the pump.,pump,scheduled inspection completed,Medium
1226,2025-06-26,M-014,TECH-10,"Preventive check: tool wear beyond threshold detected, milling tool scheduled for review.",milling tool,tool wear beyond threshold,High
1227,2025-02-14,M-022,TECH-15,"Machine is showing excessive tool wear and the tool holder needs replacement.  Monitored, no immediate action taken.",tool holder,excessive tool wear,Medium
1228,2025-06-18,M-041,TECH-02,Machine is showing intermittent fault and the sensor module needs replacement.  Parts ordered for replacement.,sensor module,intermittent fault,Low
1229,2025-04-15,M-034,TECH-11,"Operator reported sporadic signal loss originating from the PLC.  Monitored, no immediate action taken.",PLC,sporadic signal loss,Medium
1230,2025-02-15,M-024,TECH-04,Maintenance check revealed bearing seizure affecting the bearing.  Parts ordered for replacement.,bearing,bearing seizure,High
1231,2025-01-07,M-025,TECH-06,Technician noted poor heat dissipation while servicing the coolant pump.  Escalated to shift supervisor.,coolant pump,poor heat dissipation,High
1232,2025-12-28,M-023,TECH-15,Unusual behavior detected: overstrain under excessive load linked to the coupling.  Recommend scheduling maintenance.,coupling,overstrain under excessive load,Medium
1233,2025-06-16,M-051,TECH-14,"Preventive check: worn cutting edge detected, tool holder scheduled for review.  Escalated to shift supervisor.",tool holder,worn cutting edge,Medium
1234,2025-05-24,M-055,TECH-07,Unusual behavior detected: tool degradation linked to the drill bit.  Escalated to shift supervisor.,drill bit,tool degradation,High
1235,2025-08-15,M-052,TECH-10,Log entry: coolant flow restriction reported for coolant pump during shift inspection.,coolant pump,coolant flow restriction,High
1236,2025-08-16,M-014,TECH-12,Routine audit flagged coolant flow restriction on the radiator.,radiator,coolant flow restriction,High
1237,2025-03-06,M-054,TECH-14,Machine is showing bearing seizure and the gearbox needs replacement.  Logged for next scheduled downtime.,gearbox,bearing seizure,High
1238,2025-09-09,M-013,TECH-05,Gearbox showing signs of torque beyond rated limit after extended run time.  Recommend scheduling maintenance.,gearbox,torque beyond rated limit,High
1239,2025-01-30,M-026,TECH-10,"Log entry: shaft deformation reported for structural frame during shift inspection.  Monitored, no immediate action taken.",structural frame,shaft deformation,Medium
1240,2025-12-16,M-011,TECH-07,Technician noted no repeatable cause identified while servicing the wiring harness.,wiring harness,no repeatable cause identified,Low
1241,2025-04-23,M-019,TECH-03,Maintenance check revealed power failure affecting the drive controller.  Recommend scheduling maintenance.,drive controller,power failure,Medium
1242,2025-02-07,M-051,TECH-11,Machine is showing no repeatable cause identified and the wiring harness needs replacement.  Escalated to shift supervisor.,wiring harness,no repeatable cause identified,Low
1243,2025-12-13,M-054,TECH-04,"Preventive check: scheduled inspection completed detected, gasket scheduled for review.  Escalated to shift supervisor.",gasket,scheduled inspection completed,Low
1244,2025-12-22,M-032,TECH-04,Sensor module inspection found sporadic signal loss; recommend follow-up.,sensor module,sporadic signal loss,Low
1245,2025-04-06,M-022,TECH-15,Wiring harness showing signs of unexplained shutdown after extended run time.  Escalated to shift supervisor.,wiring harness,unexplained shutdown,Medium
1246,2025-12-14,M-022,TECH-15,Unusual behavior detected: sudden power loss linked to the electrical panel.,electrical panel,sudden power loss,High
1247,2025-07-07,M-002,TECH-03,Log entry: structural stress cracking reported for main shaft during shift inspection.,main shaft,structural stress cracking,High
1248,2025-05-23,M-002,TECH-05,Coolant pump inspection found overheating; recommend follow-up.,coolant pump,overheating,Medium
1249,2025-11-07,M-059,TECH-05,"Operator reported torque beyond rated limit originating from the coupling.  Monitored, no immediate action taken.",coupling,torque beyond rated limit,High
1250,2025-06-09,M-052,TECH-15,Alert triggered due to sporadic signal loss at the control unit.,control unit,sporadic signal loss,Low
1251,2025-01-22,M-051,TECH-07,Routine audit flagged intermittent fault on the sensor module.  Recommend scheduling maintenance.,sensor module,intermittent fault,High
1252,2025-05-19,M-019,TECH-07,Unusual behavior detected: rising process temperature linked to the cooling fan.,cooling fan,rising process temperature,High
1253,2025-12-16,M-012,TECH-12,"Log entry: worn cutting edge reported for milling tool during shift inspection.  Monitored, no immediate action taken.",milling tool,worn cutting edge,Medium
1254,2025-07-17,M-030,TECH-05,Technician noted lubrication topped up while servicing the valve.  Parts ordered for replacement.,valve,lubrication topped up,Low
1255,2025-12-23,M-027,TECH-09,Machine is showing sudden power loss and the inverter needs replacement.,inverter,sudden power loss,High
1256,2025-02-10,M-011,TECH-03,Log entry: slight noise during operation reported for gasket during shift inspection.,gasket,slight noise during operation,Low
1257,2025-10-19,M-034,TECH-06,Technician noted sudden power loss while servicing the power supply unit.  Recommend scheduling maintenance.,power supply unit,sudden power loss,High
1258,2025-05-15,M-036,TECH-07,Routine audit flagged tool wear beyond threshold on the drill bit.,drill bit,tool wear beyond threshold,Medium
1259,2025-02-26,M-025,TECH-11,Machine is showing motor stalling under load and the power supply unit needs replacement.,power supply unit,motor stalling under load,Medium
1260,2025-02-14,M-020,TECH-11,Technician noted motor stalling under load while servicing the inverter.  Recommend scheduling maintenance.,inverter,motor stalling under load,High
1261,2025-02-26,M-023,TECH-07,"Alert triggered due to minor leak, monitored at the lubrication line.",lubrication line,"minor leak, monitored",Low
1262,2025-12-29,M-001,TECH-02,Maintenance check revealed minor vibration noted affecting the valve.  Recommend scheduling maintenance.,valve,minor vibration noted,Low
1263,2025-11-06,M-057,TECH-05,Unusual behavior detected: rising process temperature linked to the coolant pump.  Recommend scheduling maintenance.,coolant pump,rising process temperature,Medium
1264,2025-07-25,M-031,TECH-14,Machine is showing no issue found and the bearing needs replacement.,bearing,no issue found,Low
1265,2025-06-05,M-022,TECH-11,Alert triggered due to rising process temperature at the coolant pump.  Escalated to shift supervisor.,coolant pump,rising process temperature,Medium
1266,2025-09-17,M-060,TECH-13,Technician noted routine wear observed while servicing the gasket.  Escalated to shift supervisor.,gasket,routine wear observed,Low
1267,2025-11-25,M-021,TECH-11,Routine audit flagged overstrain under excessive load on the structural frame.  Logged for next scheduled downtime.,structural frame,overstrain under excessive load,Medium
1268,2025-11-22,M-013,TECH-08,Unusual behavior detected: poor heat dissipation linked to the radiator.  Parts ordered for replacement.,radiator,poor heat dissipation,High
1269,2025-08-22,M-034,TECH-15,Routine audit flagged routine wear observed on the valve.,valve,routine wear observed,Medium
1270,2025-08-31,M-003,TECH-06,Maintenance check revealed slight noise during operation affecting the filter.  Parts ordered for replacement.,filter,slight noise during operation,Low
1271,2025-12-22,M-029,TECH-03,"Preventive check: routine wear observed detected, pump scheduled for review.",pump,routine wear observed,Medium
1272,2025-08-22,M-014,TECH-09,Operator reported slight noise during operation originating from the gasket.,gasket,slight noise during operation,Low
1273,2025-05-01,M-045,TECH-02,"Preventive check: abnormal current draw detected, electrical panel scheduled for review.  Recommend scheduling maintenance.",electrical panel,abnormal current draw,High
1274,2025-09-07,M-050,TECH-02,"Preventive check: scheduled inspection completed detected, lubrication line scheduled for review.",lubrication line,scheduled inspection completed,Low
1275,2025-12-15,M-041,TECH-03,"During inspection, routine wear observed was observed near the lubrication line.",lubrication line,routine wear observed,Medium
1276,2025-12-19,M-001,TECH-06,Unusual behavior detected: bearing seizure linked to the coupling.,coupling,bearing seizure,High
1277,2025-04-13,M-012,TECH-04,Alert triggered due to scheduled inspection completed at the pump.,pump,scheduled inspection completed,Medium
1278,2025-01-30,M-056,TECH-07,Unusual behavior detected: shaft deformation linked to the structural frame.  Parts ordered for replacement.,structural frame,shaft deformation,Medium
1279,2025-06-01,M-026,TECH-01,"Preventive check: sporadic signal loss detected, sensor module scheduled for review.  Parts ordered for replacement.",sensor module,sporadic signal loss,Medium
1280,2025-01-25,M-029,TECH-13,"Maintenance check revealed random error code affecting the PLC.  Monitored, no immediate action taken.",PLC,random error code,Low
1281,2025-11-12,M-040,TECH-10,Operator reported no issue found originating from the gasket.,gasket,no issue found,Low
1282,2025-02-06,M-042,TECH-14,"Maintenance check revealed minor leak, monitored affecting the filter.  Parts ordered for replacement.",filter,"minor leak, monitored",Medium
1283,2025-07-31,M-031,TECH-12,"During inspection, overheating was observed near the coolant pump.  Logged for next scheduled downtime.",coolant pump,overheating,Medium
1284,2025-05-10,M-043,TECH-08,"Alert triggered due to torque beyond rated limit at the gearbox.  Monitored, no immediate action taken.",gearbox,torque beyond rated limit,Medium
1285,2025-07-20,M-025,TECH-04,Log entry: abnormal current draw reported for drive controller during shift inspection.  Parts ordered for replacement.,drive controller,abnormal current draw,High
1286,2025-11-11,M-043,TECH-04,Alert triggered due to excessive tool wear at the blade.,blade,excessive tool wear,Medium
1287,2025-07-25,M-018,TECH-10,Routine audit flagged sudden power loss on the inverter.  Logged for next scheduled downtime.,inverter,sudden power loss,High
1288,2025-03-25,M-038,TECH-01,Unknown component inspection found unexplained shutdown; recommend follow-up.  Parts ordered for replacement.,unknown component,unexplained shutdown,Medium
1289,2025-01-09,M-035,TECH-05,"Alert triggered due to minor leak, monitored at the bearing.  Monitored, no immediate action taken.",bearing,"minor leak, monitored",Low
1290,2025-07-12,M-023,TECH-09,Routine audit flagged scheduled inspection completed on the pump.  Parts ordered for replacement.,pump,scheduled inspection completed,Medium
1291,2025-04-30,M-020,TECH-01,Routine audit flagged random error code on the PLC.  Parts ordered for replacement.,PLC,random error code,Medium
1292,2025-01-17,M-020,TECH-14,"During inspection, slight noise during operation was observed near the lubrication line.  Recommend scheduling maintenance.",lubrication line,slight noise during operation,Medium
1293,2025-01-14,M-002,TECH-13,PLC inspection found no repeatable cause identified; recommend follow-up.  Escalated to shift supervisor.,PLC,no repeatable cause identified,Medium
1294,2025-08-21,M-055,TECH-14,Maintenance check revealed minor vibration noted affecting the valve.,valve,minor vibration noted,Low
1295,2025-06-13,M-021,TECH-14,Log entry: calibration check passed reported for lubrication line during shift inspection.,lubrication line,calibration check passed,Low
1296,2025-09-25,M-009,TECH-13,Control unit inspection found intermittent fault; recommend follow-up.,control unit,intermittent fault,Low
1297,2025-10-20,M-022,TECH-02,Technician noted sudden power loss while servicing the inverter.  Recommend scheduling maintenance.,inverter,sudden power loss,High
1298,2025-01-04,M-027,TECH-13,Maintenance check revealed poor heat dissipation affecting the radiator.  Logged for next scheduled downtime.,radiator,poor heat dissipation,Medium
1299,2025-08-04,M-003,TECH-06,Structural frame inspection found overstrain under excessive load; recommend follow-up.,structural frame,overstrain under excessive load,High
1300,2025-12-14,M-052,TECH-10,Log entry: routine wear observed reported for gasket during shift inspection.  Logged for next scheduled downtime.,gasket,routine wear observed,Low
1301,2025-07-13,M-042,TECH-06,Log entry: abnormal current draw reported for power supply unit during shift inspection.,power supply unit,abnormal current draw,High
1302,2025-10-01,M-038,TECH-07,Log entry: routine wear observed reported for pump during shift inspection.  Logged for next scheduled downtime.,pump,routine wear observed,Low
1303,2025-06-08,M-039,TECH-06,"Preventive check: abnormal current draw detected, power supply unit scheduled for review.",power supply unit,abnormal current draw,High
1304,2025-10-29,M-047,TECH-13,"Preventive check: torque beyond rated limit detected, coupling scheduled for review.",coupling,torque beyond rated limit,Medium
1305,2025-01-15,M-030,TECH-12,"Preventive check: coolant flow restriction detected, cooling fan scheduled for review.  Escalated to shift supervisor.",cooling fan,coolant flow restriction,High
1306,2025-01-05,M-056,TECH-06,Routine audit flagged scheduled inspection completed on the sensor.,sensor,scheduled inspection completed,Low
1307,2025-02-06,M-033,TECH-02,Machine is showing poor heat dissipation and the ventilation duct needs replacement.  Logged for next scheduled downtime.,ventilation duct,poor heat dissipation,Medium
1308,2025-06-14,M-030,TECH-15,Alert triggered due to lubrication topped up at the lubrication line.  Parts ordered for replacement.,lubrication line,lubrication topped up,Low
1309,2025-07-11,M-021,TECH-12,Routine audit flagged motor stalling under load on the inverter.,inverter,motor stalling under load,High
1310,2025-06-15,M-036,TECH-13,Technician noted bearing seizure while servicing the coupling.,coupling,bearing seizure,High
1311,2025-10-18,M-045,TECH-05,Unusual behavior detected: random error code linked to the PLC.  Logged for next scheduled downtime.,PLC,random error code,Medium
1312,2025-08-23,M-011,TECH-13,"Alert triggered due to minor vibration noted at the sensor.  Monitored, no immediate action taken.",sensor,minor vibration noted,Low
1313,2025-01-04,M-018,TECH-04,"Preventive check: abnormal current draw detected, drive controller scheduled for review.  Logged for next scheduled downtime.",drive controller,abnormal current draw,High
1314,2025-03-19,M-053,TECH-03,"Preventive check: random error code detected, control unit scheduled for review.  Parts ordered for replacement.",control unit,random error code,High
1315,2025-03-19,M-041,TECH-12,"Preventive check: scheduled inspection completed detected, bearing scheduled for review.  Recommend scheduling maintenance.",bearing,scheduled inspection completed,Low
1316,2025-02-27,M-045,TECH-13,"During inspection, poor heat dissipation was observed near the heat sink.  Parts ordered for replacement.",heat sink,poor heat dissipation,Medium
1317,2025-03-08,M-036,TECH-10,Lubrication line inspection found no issue found; recommend follow-up.  Escalated to shift supervisor.,lubrication line,no issue found,Low
1318,2025-02-24,M-056,TECH-11,"During inspection, poor heat dissipation was observed near the radiator.  Monitored, no immediate action taken.",radiator,poor heat dissipation,Medium
1319,2025-07-12,M-030,TECH-05,"Routine audit flagged voltage fluctuation on the inverter.  Monitored, no immediate action taken.",inverter,voltage fluctuation,High
1320,2025-07-31,M-031,TECH-12,Routine audit flagged sudden power loss on the power supply unit.  Parts ordered for replacement.,power supply unit,sudden power loss,High
1321,2025-05-22,M-017,TECH-13,Routine audit flagged bearing seizure on the structural frame.,structural frame,bearing seizure,Medium
1322,2025-04-24,M-029,TECH-09,Alert triggered due to calibration check passed at the lubrication line.,lubrication line,calibration check passed,Medium
1323,2025-11-13,M-039,TECH-10,"During inspection, routine wear observed was observed near the sensor.  Parts ordered for replacement.",sensor,routine wear observed,Medium
1324,2025-07-26,M-024,TECH-10,"Technician noted random error code while servicing the sensor module.  Monitored, no immediate action taken.",sensor module,random error code,Low
1325,2025-04-26,M-030,TECH-05,Valve inspection found scheduled inspection completed; recommend follow-up.  Logged for next scheduled downtime.,valve,scheduled inspection completed,Low
1326,2025-05-02,M-003,TECH-09,Operator reported motor stalling under load originating from the drive controller.  Recommend scheduling maintenance.,drive controller,motor stalling under load,High
1327,2025-02-07,M-047,TECH-01,Log entry: bearing seizure reported for coupling during shift inspection.,coupling,bearing seizure,High
1328,2025-08-16,M-033,TECH-03,Routine audit flagged random error code on the unknown component.,unknown component,random error code,Medium
1329,2025-07-25,M-028,TECH-10,"During inspection, routine wear observed was observed near the valve.  Recommend scheduling maintenance.",valve,routine wear observed,Low
1330,2025-10-13,M-037,TECH-02,"During inspection, sporadic signal loss was observed near the PLC.",PLC,sporadic signal loss,Low
1331,2025-02-28,M-051,TECH-12,Technician noted calibration check passed while servicing the sensor.,sensor,calibration check passed,Low
1332,2025-09-26,M-025,TECH-07,"During inspection, power failure was observed near the electrical panel.",electrical panel,power failure,High
1333,2025-03-31,M-059,TECH-15,"Preventive check: slight noise during operation detected, belt scheduled for review.",belt,slight noise during operation,Low
1334,2025-12-19,M-003,TECH-06,Unusual behavior detected: no repeatable cause identified linked to the PLC.,PLC,no repeatable cause identified,Low
1335,2025-10-16,M-054,TECH-15,"Preventive check: scheduled inspection completed detected, gasket scheduled for review.  Escalated to shift supervisor.",gasket,scheduled inspection completed,Low
1336,2025-10-15,M-058,TECH-04,Log entry: bearing seizure reported for main shaft during shift inspection.  Escalated to shift supervisor.,main shaft,bearing seizure,High
1337,2025-03-18,M-014,TECH-14,"Machine is showing minor vibration noted and the lubrication line needs replacement.  Monitored, no immediate action taken.",lubrication line,minor vibration noted,Medium
1338,2025-09-13,M-041,TECH-10,Operator reported random error code originating from the unknown component.  Recommend scheduling maintenance.,unknown component,random error code,High
1339,2025-02-05,M-001,TECH-02,Operator reported motor stalling under load originating from the electrical panel.  Logged for next scheduled downtime.,electrical panel,motor stalling under load,High
1340,2025-01-16,M-005,TECH-01,Log entry: structural stress cracking reported for structural frame during shift inspection.  Parts ordered for replacement.,structural frame,structural stress cracking,High
1341,2025-05-14,M-049,TECH-04,"Preventive check: unexplained shutdown detected, PLC scheduled for review.  Logged for next scheduled downtime.",PLC,unexplained shutdown,Medium
1342,2025-01-05,M-019,TECH-06,Log entry: voltage fluctuation reported for power supply unit during shift inspection.  Escalated to shift supervisor.,power supply unit,voltage fluctuation,High
1343,2025-05-24,M-043,TECH-08,Maintenance check revealed overstrain under excessive load affecting the gearbox.  Logged for next scheduled downtime.,gearbox,overstrain under excessive load,High
1344,2025-02-10,M-047,TECH-11,"Operator reported no repeatable cause identified originating from the PLC.  Monitored, no immediate action taken.",PLC,no repeatable cause identified,Medium
1345,2025-11-22,M-022,TECH-03,"Preventive check: sudden power loss detected, drive controller scheduled for review.",drive controller,sudden power loss,High
1346,2025-08-15,M-025,TECH-13,"Preventive check: excessive tool wear detected, milling tool scheduled for review.  Recommend scheduling maintenance.",milling tool,excessive tool wear,Medium
1347,2025-07-30,M-023,TECH-07,Pump showing signs of slight noise during operation after extended run time.  Parts ordered for replacement.,pump,slight noise during operation,Low
1348,2025-06-07,M-057,TECH-14,"During inspection, lubrication topped up was observed near the bearing.  Escalated to shift supervisor.",bearing,lubrication topped up,Low
1349,2025-07-08,M-007,TECH-11,Maintenance check revealed slight noise during operation affecting the valve.  Escalated to shift supervisor.,valve,slight noise during operation,Low
1350,2025-03-21,M-057,TECH-01,Unusual behavior detected: lubrication topped up linked to the gasket.,gasket,lubrication topped up,Low
1351,2025-10-16,M-060,TECH-02,Operator reported routine wear observed originating from the pump.,pump,routine wear observed,Low
1352,2025-09-15,M-022,TECH-07,"Preventive check: bearing seizure detected, gearbox scheduled for review.",gearbox,bearing seizure,Medium
1353,2025-08-31,M-049,TECH-09,"Technician noted minor leak, monitored while servicing the pump.",pump,"minor leak, monitored",Low
1354,2025-10-26,M-026,TECH-02,"Preventive check: shaft deformation detected, coupling scheduled for review.  Monitored, no immediate action taken.",coupling,shaft deformation,High
1355,2025-07-31,M-049,TECH-06,Operator reported excessive tool wear originating from the blade.,blade,excessive tool wear,Medium
1356,2025-01-17,M-057,TECH-11,Operator reported overstrain under excessive load originating from the gearbox.,gearbox,overstrain under excessive load,High
1357,2025-03-21,M-038,TECH-12,Unusual behavior detected: scheduled inspection completed linked to the filter.  Parts ordered for replacement.,filter,scheduled inspection completed,Low
1358,2025-07-17,M-019,TECH-01,Valve inspection found scheduled inspection completed; recommend follow-up.,valve,scheduled inspection completed,Medium
1359,2025-08-02,M-016,TECH-10,Machine is showing scheduled inspection completed and the filter needs replacement.  Escalated to shift supervisor.,filter,scheduled inspection completed,Low
1360,2025-07-28,M-018,TECH-01,"Unknown component showing signs of no repeatable cause identified after extended run time.  Monitored, no immediate action taken.",unknown component,no repeatable cause identified,High
1361,2025-07-09,M-035,TECH-01,"Preventive check: minor vibration noted detected, pump scheduled for review.",pump,minor vibration noted,Low
1362,2025-08-10,M-029,TECH-15,"During inspection, torque beyond rated limit was observed near the bearing.",bearing,torque beyond rated limit,High
1363,2025-03-10,M-031,TECH-14,Unusual behavior detected: fan not spinning at rated speed linked to the heat sink.  Logged for next scheduled downtime.,heat sink,fan not spinning at rated speed,High
1364,2025-08-24,M-032,TECH-03,Routine audit flagged motor stalling under load on the electrical panel.,electrical panel,motor stalling under load,High
1365,2025-05-03,M-005,TECH-12,"During inspection, sudden power loss was observed near the drive controller.",drive controller,sudden power loss,High
1366,2025-07-08,M-055,TECH-09,"During inspection, calibration check passed was observed near the gasket.  Escalated to shift supervisor.",gasket,calibration check passed,Low
1367,2025-03-12,M-030,TECH-08,"Preventive check: rising process temperature detected, heat sink scheduled for review.",heat sink,rising process temperature,High
1368,2025-02-27,M-053,TECH-02,Routine audit flagged motor stalling under load on the power supply unit.  Logged for next scheduled downtime.,power supply unit,motor stalling under load,High
1369,2025-05-01,M-026,TECH-14,Alert triggered due to minor vibration noted at the sensor.  Parts ordered for replacement.,sensor,minor vibration noted,Low
1370,2025-03-23,M-051,TECH-09,Alert triggered due to slight noise during operation at the valve.,valve,slight noise during operation,Medium
1371,2025-12-17,M-043,TECH-09,"During inspection, rising process temperature was observed near the radiator.  Logged for next scheduled downtime.",radiator,rising process temperature,High
1372,2025-08-24,M-007,TECH-11,Machine is showing lubrication topped up and the lubrication line needs replacement.,lubrication line,lubrication topped up,Medium
1373,2025-04-09,M-036,TECH-09,Control unit showing signs of sporadic signal loss after extended run time.  Parts ordered for replacement.,control unit,sporadic signal loss,High
1374,2025-08-12,M-055,TECH-04,Operator reported random error code originating from the sensor module.  Recommend scheduling maintenance.,sensor module,random error code,Low
1375,2025-05-21,M-047,TECH-08,Unusual behavior detected: blunt tool causing poor finish linked to the drill bit.  Escalated to shift supervisor.,drill bit,blunt tool causing poor finish,Medium
1376,2025-08-14,M-013,TECH-01,"Preventive check: minor vibration noted detected, filter scheduled for review.",filter,minor vibration noted,Low
1377,2025-01-22,M-011,TECH-11,Milling tool inspection found tool degradation; recommend follow-up.  Escalated to shift supervisor.,milling tool,tool degradation,High
1378,2025-12-17,M-039,TECH-02,Technician noted tool wear beyond threshold while servicing the milling tool.,milling tool,tool wear beyond threshold,Medium
1379,2025-02-14,M-046,TECH-02,Blade showing signs of tool wear beyond threshold after extended run time.,blade,tool wear beyond threshold,High
1380,2025-05-25,M-039,TECH-04,Technician noted rising process temperature while servicing the radiator.  Recommend scheduling maintenance.,radiator,rising process temperature,High
1381,2025-12-23,M-013,TECH-13,"Machine is showing excessive tool wear and the blade needs replacement.  Monitored, no immediate action taken.",blade,excessive tool wear,Medium
1382,2025-03-09,M-042,TECH-07,"During inspection, overstrain under excessive load was observed near the bearing.  Parts ordered for replacement.",bearing,overstrain under excessive load,High
1383,2025-07-11,M-046,TECH-11,Log entry: tool wear beyond threshold reported for milling tool during shift inspection.  Logged for next scheduled downtime.,milling tool,tool wear beyond threshold,High
1384,2025-07-29,M-053,TECH-12,Routine audit flagged minor vibration noted on the belt.,belt,minor vibration noted,Medium
1385,2025-12-03,M-010,TECH-13,Routine audit flagged voltage fluctuation on the inverter.,inverter,voltage fluctuation,High
1386,2025-10-19,M-010,TECH-09,Log entry: unexplained shutdown reported for sensor module during shift inspection.  Parts ordered for replacement.,sensor module,unexplained shutdown,High
1387,2025-10-16,M-023,TECH-11,Operator reported torque beyond rated limit originating from the structural frame.,structural frame,torque beyond rated limit,High
1388,2025-02-12,M-038,TECH-04,Maintenance check revealed unexplained shutdown affecting the control unit.  Logged for next scheduled downtime.,control unit,unexplained shutdown,Medium
1389,2025-01-30,M-011,TECH-10,"Machine is showing fan not spinning at rated speed and the radiator needs replacement.  Monitored, no immediate action taken.",radiator,fan not spinning at rated speed,High
1390,2025-12-29,M-017,TECH-14,Technician noted no repeatable cause identified while servicing the unknown component.  Recommend scheduling maintenance.,unknown component,no repeatable cause identified,Medium
1391,2025-02-16,M-057,TECH-08,Log entry: excessive tool wear reported for milling tool during shift inspection.  Recommend scheduling maintenance.,milling tool,excessive tool wear,Medium
1392,2025-03-17,M-058,TECH-10,Operator reported blunt tool causing poor finish originating from the drill bit.,drill bit,blunt tool causing poor finish,High
1393,2025-02-07,M-030,TECH-06,"Operator reported slight noise during operation originating from the valve.  Monitored, no immediate action taken.",valve,slight noise during operation,Low
1394,2025-12-14,M-013,TECH-14,"Alert triggered due to abnormal current draw at the drive controller.  Monitored, no immediate action taken.",drive controller,abnormal current draw,Medium
1395,2025-10-17,M-040,TECH-06,Log entry: no repeatable cause identified reported for wiring harness during shift inspection.,wiring harness,no repeatable cause identified,Low
1396,2025-04-04,M-010,TECH-13,Machine is showing overstrain under excessive load and the bearing needs replacement.  Parts ordered for replacement.,bearing,overstrain under excessive load,High
1397,2025-05-02,M-038,TECH-07,Operator reported overstrain under excessive load originating from the gearbox.  Escalated to shift supervisor.,gearbox,overstrain under excessive load,High
1398,2025-04-12,M-015,TECH-13,"Maintenance check revealed routine wear observed affecting the valve.  Monitored, no immediate action taken.",valve,routine wear observed,Medium
1399,2025-07-29,M-029,TECH-12,"During inspection, torque beyond rated limit was observed near the bearing.  Recommend scheduling maintenance.",bearing,torque beyond rated limit,High
1400,2025-05-26,M-015,TECH-04,"Technician noted excessive tool wear while servicing the drill bit.  Monitored, no immediate action taken.",drill bit,excessive tool wear,High
1401,2025-06-14,M-058,TECH-02,Routine audit flagged routine wear observed on the pump.,pump,routine wear observed,Low
1402,2025-03-14,M-020,TECH-13,Machine is showing random error code and the sensor module needs replacement.,sensor module,random error code,Medium
1403,2025-01-25,M-050,TECH-14,"Unusual behavior detected: coolant flow restriction linked to the heat sink.  Monitored, no immediate action taken.",heat sink,coolant flow restriction,Medium
1404,2025-05-08,M-043,TECH-01,Operator reported motor stalling under load originating from the drive controller.  Parts ordered for replacement.,drive controller,motor stalling under load,Medium
1405,2025-02-06,M-056,TECH-07,Technician noted unexplained shutdown while servicing the control unit.  Logged for next scheduled downtime.,control unit,unexplained shutdown,Medium
1406,2025-02-28,M-039,TECH-10,Unusual behavior detected: calibration check passed linked to the filter.,filter,calibration check passed,Low
1407,2025-12-08,M-027,TECH-14,Unknown component showing signs of random error code after extended run time.  Parts ordered for replacement.,unknown component,random error code,Medium
1408,2025-01-29,M-003,TECH-06,Routine audit flagged rising process temperature on the radiator.,radiator,rising process temperature,High
1409,2025-08-25,M-018,TECH-05,Sensor module showing signs of unexplained shutdown after extended run time.,sensor module,unexplained shutdown,Medium
1410,2025-01-31,M-009,TECH-12,"Operator reported minor leak, monitored originating from the lubrication line.",lubrication line,"minor leak, monitored",Low
1411,2025-07-09,M-034,TECH-07,Machine is showing blunt tool causing poor finish and the drill bit needs replacement.  Parts ordered for replacement.,drill bit,blunt tool causing poor finish,High
1412,2025-09-09,M-018,TECH-14,"Sensor inspection found lubrication topped up; recommend follow-up.  Monitored, no immediate action taken.",sensor,lubrication topped up,Low
1413,2025-04-18,M-058,TECH-03,"Routine audit flagged voltage fluctuation on the inverter.  Monitored, no immediate action taken.",inverter,voltage fluctuation,High
1414,2025-04-29,M-019,TECH-01,"Preventive check: minor vibration noted detected, gasket scheduled for review.  Logged for next scheduled downtime.",gasket,minor vibration noted,Low
1415,2025-06-27,M-033,TECH-12,"Operator reported minor leak, monitored originating from the valve.",valve,"minor leak, monitored",Medium
1416,2025-04-02,M-005,TECH-09,Drill bit showing signs of worn cutting edge after extended run time.  Escalated to shift supervisor.,drill bit,worn cutting edge,Medium
1417,2025-07-20,M-033,TECH-01,Alert triggered due to fan not spinning at rated speed at the ventilation duct.,ventilation duct,fan not spinning at rated speed,High
1418,2025-11-29,M-007,TECH-01,Structural frame inspection found bearing seizure; recommend follow-up.  Escalated to shift supervisor.,structural frame,bearing seizure,High
1419,2025-02-09,M-027,TECH-15,Machine is showing poor heat dissipation and the ventilation duct needs replacement.,ventilation duct,poor heat dissipation,High
1420,2025-08-27,M-001,TECH-06,"Log entry: no issue found reported for sensor during shift inspection.  Monitored, no immediate action taken.",sensor,no issue found,Low
1421,2025-08-29,M-006,TECH-01,Unusual behavior detected: rising process temperature linked to the ventilation duct.  Logged for next scheduled downtime.,ventilation duct,rising process temperature,High
1422,2025-04-19,M-014,TECH-07,Alert triggered due to lubrication topped up at the lubrication line.  Parts ordered for replacement.,lubrication line,lubrication topped up,Medium
1423,2025-11-21,M-040,TECH-07,"During inspection, scheduled inspection completed was observed near the gasket.",gasket,scheduled inspection completed,Low
1424,2025-05-28,M-056,TECH-14,Maintenance check revealed excessive tool wear affecting the cutting tool.,cutting tool,excessive tool wear,High
1425,2025-08-16,M-001,TECH-05,"During inspection, minor leak, monitored was observed near the gasket.",gasket,"minor leak, monitored",Low
1426,2025-09-01,M-060,TECH-11,"During inspection, shaft deformation was observed near the bearing.  Logged for next scheduled downtime.",bearing,shaft deformation,High
1427,2025-11-12,M-059,TECH-01,Drive controller showing signs of motor stalling under load after extended run time.  Recommend scheduling maintenance.,drive controller,motor stalling under load,High
1428,2025-06-25,M-043,TECH-02,Technician noted intermittent fault while servicing the wiring harness.,wiring harness,intermittent fault,Medium
1429,2025-03-26,M-058,TECH-01,"Maintenance check revealed minor leak, monitored affecting the gasket.  Parts ordered for replacement.",gasket,"minor leak, monitored",Low
1430,2025-05-20,M-038,TECH-06,"During inspection, fan not spinning at rated speed was observed near the heat sink.",heat sink,fan not spinning at rated speed,High
1431,2025-05-26,M-059,TECH-07,Maintenance check revealed sudden power loss affecting the inverter.,inverter,sudden power loss,High
1432,2025-06-15,M-053,TECH-12,Tool holder showing signs of worn cutting edge after extended run time.  Parts ordered for replacement.,tool holder,worn cutting edge,High
1433,2025-10-12,M-052,TECH-03,"Preventive check: minor leak, monitored detected, belt scheduled for review.  Escalated to shift supervisor.",belt,"minor leak, monitored",Low
1434,2025-08-19,M-021,TECH-08,"During inspection, routine wear observed was observed near the filter.  Recommend scheduling maintenance.",filter,routine wear observed,Low
1435,2025-12-23,M-026,TECH-10,Alert triggered due to random error code at the unknown component.,unknown component,random error code,Medium
1436,2025-01-22,M-043,TECH-10,Electrical panel inspection found power failure; recommend follow-up.,electrical panel,power failure,High
1437,2025-10-16,M-005,TECH-09,"Operator reported minor leak, monitored originating from the gasket.",gasket,"minor leak, monitored",Medium
1438,2025-09-26,M-042,TECH-03,Technician noted random error code while servicing the unknown component.  Logged for next scheduled downtime.,unknown component,random error code,Medium
1439,2025-08-14,M-057,TECH-07,Unusual behavior detected: no issue found linked to the valve.  Parts ordered for replacement.,valve,no issue found,Low
1440,2025-01-02,M-047,TECH-04,Technician noted scheduled inspection completed while servicing the belt.,belt,scheduled inspection completed,Medium
1441,2025-01-16,M-010,TECH-05,Unusual behavior detected: blunt tool causing poor finish linked to the drill bit.,drill bit,blunt tool causing poor finish,High
1442,2025-10-30,M-013,TECH-14,"During inspection, voltage fluctuation was observed near the electrical panel.",electrical panel,voltage fluctuation,High
1443,2025-06-18,M-014,TECH-09,Machine is showing shaft deformation and the coupling needs replacement.,coupling,shaft deformation,High
1444,2025-09-04,M-049,TECH-03,"Preventive check: sudden power loss detected, electrical panel scheduled for review.  Parts ordered for replacement.",electrical panel,sudden power loss,High
1445,2025-09-08,M-045,TECH-12,"Preventive check: no issue found detected, filter scheduled for review.  Recommend scheduling maintenance.",filter,no issue found,Medium
1446,2025-07-28,M-001,TECH-05,Wiring harness showing signs of intermittent fault after extended run time.  Logged for next scheduled downtime.,wiring harness,intermittent fault,Medium
1447,2025-11-14,M-041,TECH-04,Unusual behavior detected: slight noise during operation linked to the sensor.  Recommend scheduling maintenance.,sensor,slight noise during operation,Low
1448,2025-05-01,M-041,TECH-05,Unusual behavior detected: excessive tool wear linked to the drill bit.  Escalated to shift supervisor.,drill bit,excessive tool wear,Medium
1449,2025-12-03,M-039,TECH-15,Technician noted no issue found while servicing the belt.,belt,no issue found,Low
1450,2025-09-13,M-027,TECH-05,Maintenance check revealed tool wear beyond threshold affecting the cutting tool.  Escalated to shift supervisor.,cutting tool,tool wear beyond threshold,Medium
1451,2025-02-16,M-011,TECH-08,"During inspection, blunt tool causing poor finish was observed near the milling tool.  Recommend scheduling maintenance.",milling tool,blunt tool causing poor finish,Medium
1452,2025-10-01,M-011,TECH-12,Power supply unit inspection found abnormal current draw; recommend follow-up.,power supply unit,abnormal current draw,Medium
1453,2025-09-28,M-013,TECH-02,Technician noted motor stalling under load while servicing the electrical panel.  Logged for next scheduled downtime.,electrical panel,motor stalling under load,High
1454,2025-01-20,M-035,TECH-06,Operator reported coolant flow restriction originating from the cooling fan.,cooling fan,coolant flow restriction,Medium
1455,2025-11-18,M-010,TECH-10,Log entry: shaft deformation reported for gearbox during shift inspection.,gearbox,shaft deformation,High
1456,2025-10-30,M-058,TECH-15,Log entry: poor heat dissipation reported for heat sink during shift inspection.  Recommend scheduling maintenance.,heat sink,poor heat dissipation,High
1457,2025-04-11,M-024,TECH-06,Alert triggered due to routine wear observed at the sensor.,sensor,routine wear observed,Low
1458,2025-05-23,M-008,TECH-14,Inverter showing signs of voltage fluctuation after extended run time.  Parts ordered for replacement.,inverter,voltage fluctuation,High
1459,2025-01-22,M-007,TECH-08,Unusual behavior detected: abnormal current draw linked to the drive controller.,drive controller,abnormal current draw,High
1460,2025-08-31,M-044,TECH-14,"During inspection, coolant flow restriction was observed near the heat sink.",heat sink,coolant flow restriction,Medium
1461,2025-09-26,M-036,TECH-10,Blade showing signs of tool wear beyond threshold after extended run time.  Recommend scheduling maintenance.,blade,tool wear beyond threshold,High
1462,2025-07-08,M-041,TECH-10,Machine is showing voltage fluctuation and the power supply unit needs replacement.  Escalated to shift supervisor.,power supply unit,voltage fluctuation,High
1463,2025-07-03,M-001,TECH-02,Machine is showing sudden power loss and the power supply unit needs replacement.  Escalated to shift supervisor.,power supply unit,sudden power loss,High
1464,2025-06-10,M-039,TECH-04,Machine is showing shaft deformation and the coupling needs replacement.,coupling,shaft deformation,Medium
1465,2025-10-14,M-047,TECH-15,Technician noted minor vibration noted while servicing the pump.,pump,minor vibration noted,Low
1466,2025-06-04,M-003,TECH-02,"During inspection, fan not spinning at rated speed was observed near the ventilation duct.  Monitored, no immediate action taken.",ventilation duct,fan not spinning at rated speed,Medium
1467,2025-01-28,M-040,TECH-15,"Technician noted worn cutting edge while servicing the tool holder.  Monitored, no immediate action taken.",tool holder,worn cutting edge,High
1468,2025-03-25,M-059,TECH-15,Technician noted coolant flow restriction while servicing the radiator.  Escalated to shift supervisor.,radiator,coolant flow restriction,High
1469,2025-08-12,M-048,TECH-14,Coupling showing signs of torque beyond rated limit after extended run time.  Logged for next scheduled downtime.,coupling,torque beyond rated limit,Medium
1470,2025-12-25,M-059,TECH-09,"Log entry: unexplained shutdown reported for PLC during shift inspection.  Monitored, no immediate action taken.",PLC,unexplained shutdown,Low
1471,2025-05-07,M-049,TECH-01,"During inspection, lubrication topped up was observed near the bearing.",bearing,lubrication topped up,Low
1472,2025-08-17,M-028,TECH-15,Maintenance check revealed bearing seizure affecting the structural frame.  Logged for next scheduled downtime.,structural frame,bearing seizure,High
1473,2025-06-21,M-018,TECH-04,Heat sink showing signs of rising process temperature after extended run time.  Escalated to shift supervisor.,heat sink,rising process temperature,High
1474,2025-06-07,M-044,TECH-13,Alert triggered due to calibration check passed at the pump.  Logged for next scheduled downtime.,pump,calibration check passed,Low
1475,2025-05-13,M-038,TECH-03,Technician noted abnormal current draw while servicing the inverter.  Logged for next scheduled downtime.,inverter,abnormal current draw,High
1476,2025-07-27,M-043,TECH-11,Machine is showing no issue found and the pump needs replacement.,pump,no issue found,Low
1477,2025-06-21,M-044,TECH-15,Alert triggered due to no issue found at the gasket.,gasket,no issue found,Low
1478,2025-08-25,M-051,TECH-03,Routine audit flagged intermittent fault on the wiring harness.  Recommend scheduling maintenance.,wiring harness,intermittent fault,Medium
1479,2025-12-29,M-005,TECH-13,Alert triggered due to calibration check passed at the sensor.  Escalated to shift supervisor.,sensor,calibration check passed,Medium
1480,2025-03-07,M-006,TECH-06,Inverter inspection found sudden power loss; recommend follow-up.,inverter,sudden power loss,Medium
1481,2025-03-03,M-045,TECH-14,Ventilation duct inspection found rising process temperature; recommend follow-up.  Logged for next scheduled downtime.,ventilation duct,rising process temperature,High
1482,2025-11-05,M-017,TECH-04,Routine audit flagged voltage fluctuation on the motor.,motor,voltage fluctuation,High
1483,2025-09-08,M-029,TECH-12,Coolant pump showing signs of coolant flow restriction after extended run time.  Parts ordered for replacement.,coolant pump,coolant flow restriction,High
1484,2025-01-04,M-026,TECH-11,Technician noted overstrain under excessive load while servicing the coupling.,coupling,overstrain under excessive load,Medium
1485,2025-04-24,M-037,TECH-14,Technician noted slight noise during operation while servicing the valve.,valve,slight noise during operation,Low
1486,2025-12-11,M-056,TECH-04,Log entry: overstrain under excessive load reported for main shaft during shift inspection.  Parts ordered for replacement.,main shaft,overstrain under excessive load,High
1487,2025-03-01,M-047,TECH-11,"Operator reported bearing seizure originating from the gearbox.  Monitored, no immediate action taken.",gearbox,bearing seizure,High
1488,2025-12-26,M-058,TECH-03,"During inspection, rising process temperature was observed near the heat sink.",heat sink,rising process temperature,High
1489,2025-02-14,M-040,TECH-15,Alert triggered due to lubrication topped up at the valve.,valve,lubrication topped up,Low
1490,2025-10-01,M-058,TECH-06,Cutting tool inspection found blunt tool causing poor finish; recommend follow-up.,cutting tool,blunt tool causing poor finish,High
1491,2025-08-24,M-024,TECH-07,Technician noted lubrication topped up while servicing the sensor.,sensor,lubrication topped up,Low
1492,2025-05-29,M-009,TECH-09,Maintenance check revealed calibration check passed affecting the pump.,pump,calibration check passed,Low
1493,2025-06-30,M-030,TECH-03,Routine audit flagged no issue found on the valve.  Logged for next scheduled downtime.,valve,no issue found,Medium
1494,2025-01-30,M-002,TECH-12,Unusual behavior detected: overheating linked to the heat sink.,heat sink,overheating,High
1495,2025-08-18,M-040,TECH-05,Maintenance check revealed lubrication topped up affecting the pump.  Logged for next scheduled downtime.,pump,lubrication topped up,Low
1496,2025-09-04,M-039,TECH-08,Maintenance check revealed worn cutting edge affecting the cutting tool.  Logged for next scheduled downtime.,cutting tool,worn cutting edge,High
1497,2025-02-13,M-035,TECH-09,Log entry: routine wear observed reported for gasket during shift inspection.  Parts ordered for replacement.,gasket,routine wear observed,Low
1498,2025-07-29,M-053,TECH-14,"Preventive check: calibration check passed detected, filter scheduled for review.",filter,calibration check passed,Medium
1499,2025-03-02,M-048,TECH-03,Maintenance check revealed torque beyond rated limit affecting the structural frame.,structural frame,torque beyond rated limit,High
1500,2025-01-12,M-004,TECH-09,Machine is showing tool degradation and the blade needs replacement.,blade,tool degradation,Medium
1501,2025-06-05,M-012,TECH-12,Log entry: rising process temperature reported for heat sink during shift inspection.  Escalated to shift supervisor.,heat sink,rising process temperature,High
1502,2025-09-25,M-006,TECH-07,Log entry: fan not spinning at rated speed reported for heat sink during shift inspection.  Recommend scheduling maintenance.,heat sink,fan not spinning at rated speed,High
1503,2025-10-14,M-016,TECH-09,Operator reported abnormal current draw originating from the inverter.,inverter,abnormal current draw,High
1504,2025-05-14,M-037,TECH-01,Routine audit flagged blunt tool causing poor finish on the drill bit.  Parts ordered for replacement.,drill bit,blunt tool causing poor finish,High
1505,2025-05-20,M-041,TECH-04,Log entry: voltage fluctuation reported for inverter during shift inspection.  Logged for next scheduled downtime.,inverter,voltage fluctuation,High
1506,2025-10-22,M-044,TECH-15,Technician noted tool wear beyond threshold while servicing the drill bit.  Escalated to shift supervisor.,drill bit,tool wear beyond threshold,Medium
1507,2025-11-23,M-015,TECH-08,Log entry: slight noise during operation reported for pump during shift inspection.,pump,slight noise during operation,Low
1508,2025-02-12,M-050,TECH-04,Blade inspection found excessive tool wear; recommend follow-up.  Logged for next scheduled downtime.,blade,excessive tool wear,High
1509,2025-03-03,M-021,TECH-07,Routine audit flagged scheduled inspection completed on the belt.  Logged for next scheduled downtime.,belt,scheduled inspection completed,Low
1510,2025-12-19,M-007,TECH-06,Machine is showing overstrain under excessive load and the main shaft needs replacement.,main shaft,overstrain under excessive load,High
1511,2025-08-12,M-020,TECH-12,"Valve showing signs of minor leak, monitored after extended run time.",valve,"minor leak, monitored",Low
1512,2025-09-19,M-059,TECH-09,"Preventive check: excessive tool wear detected, tool holder scheduled for review.  Monitored, no immediate action taken.",tool holder,excessive tool wear,High
1513,2025-11-03,M-013,TECH-01,"Milling tool showing signs of tool degradation after extended run time.  Monitored, no immediate action taken.",milling tool,tool degradation,Medium
1514,2025-08-24,M-028,TECH-01,"Preventive check: lubrication topped up detected, filter scheduled for review.",filter,lubrication topped up,Low
1515,2025-02-10,M-048,TECH-12,"Cutting tool showing signs of tool wear beyond threshold after extended run time.  Monitored, no immediate action taken.",cutting tool,tool wear beyond threshold,High
1516,2025-03-14,M-059,TECH-05,"Maintenance check revealed minor leak, monitored affecting the filter.",filter,"minor leak, monitored",Low
1517,2025-05-15,M-047,TECH-15,Routine audit flagged no issue found on the belt.,belt,no issue found,Low
1518,2025-02-24,M-008,TECH-15,"Operator reported routine wear observed originating from the sensor.  Monitored, no immediate action taken.",sensor,routine wear observed,Medium
1519,2025-06-29,M-059,TECH-06,"Preventive check: minor vibration noted detected, sensor scheduled for review.  Monitored, no immediate action taken.",sensor,minor vibration noted,Low
1520,2025-05-25,M-047,TECH-08,Routine audit flagged bearing seizure on the bearing.,bearing,bearing seizure,High
1521,2025-06-23,M-027,TECH-13,Lubrication line inspection found scheduled inspection completed; recommend follow-up.  Parts ordered for replacement.,lubrication line,scheduled inspection completed,Low
1522,2025-05-29,M-028,TECH-08,Log entry: motor stalling under load reported for motor during shift inspection.,motor,motor stalling under load,High
1523,2025-04-10,M-021,TECH-05,Structural frame showing signs of overstrain under excessive load after extended run time.  Logged for next scheduled downtime.,structural frame,overstrain under excessive load,High
1524,2025-01-18,M-009,TECH-14,Routine audit flagged structural stress cracking on the coupling.,coupling,structural stress cracking,Medium
1525,2025-01-13,M-037,TECH-07,Alert triggered due to overstrain under excessive load at the bearing.,bearing,overstrain under excessive load,High
1526,2025-11-12,M-020,TECH-10,Coolant pump showing signs of rising process temperature after extended run time.  Logged for next scheduled downtime.,coolant pump,rising process temperature,High
1527,2025-08-28,M-011,TECH-07,"Alert triggered due to structural stress cracking at the gearbox.  Monitored, no immediate action taken.",gearbox,structural stress cracking,Medium
1528,2025-03-13,M-046,TECH-08,Alert triggered due to sudden power loss at the electrical panel.  Recommend scheduling maintenance.,electrical panel,sudden power loss,High
1529,2025-06-24,M-033,TECH-05,Alert triggered due to tool degradation at the drill bit.,drill bit,tool degradation,High
1530,2025-12-05,M-049,TECH-02,Log entry: poor heat dissipation reported for radiator during shift inspection.,radiator,poor heat dissipation,High
1531,2025-07-08,M-053,TECH-01,Valve inspection found calibration check passed; recommend follow-up.  Logged for next scheduled downtime.,valve,calibration check passed,Low
1532,2025-01-06,M-024,TECH-03,Maintenance check revealed intermittent fault affecting the wiring harness.  Parts ordered for replacement.,wiring harness,intermittent fault,Medium
1533,2025-05-07,M-034,TECH-02,Operator reported overstrain under excessive load originating from the bearing.,bearing,overstrain under excessive load,High
1534,2025-12-19,M-012,TECH-08,Coolant pump inspection found overheating; recommend follow-up.  Parts ordered for replacement.,coolant pump,overheating,High
1535,2025-07-13,M-045,TECH-08,"Alert triggered due to blunt tool causing poor finish at the cutting tool.  Monitored, no immediate action taken.",cutting tool,blunt tool causing poor finish,High
1536,2025-12-10,M-010,TECH-05,Unusual behavior detected: tool wear beyond threshold linked to the drill bit.  Parts ordered for replacement.,drill bit,tool wear beyond threshold,High
1537,2025-02-27,M-060,TECH-15,Filter inspection found calibration check passed; recommend follow-up.  Recommend scheduling maintenance.,filter,calibration check passed,Low
1538,2025-06-10,M-041,TECH-07,"Preventive check: random error code detected, PLC scheduled for review.",PLC,random error code,Low
1539,2025-02-23,M-035,TECH-06,"During inspection, sporadic signal loss was observed near the sensor module.  Logged for next scheduled downtime.",sensor module,sporadic signal loss,Medium
1540,2025-12-16,M-022,TECH-03,Log entry: bearing seizure reported for main shaft during shift inspection.,main shaft,bearing seizure,Medium
1541,2025-06-20,M-051,TECH-12,Routine audit flagged abnormal current draw on the power supply unit.,power supply unit,abnormal current draw,High
1542,2025-08-17,M-052,TECH-01,Alert triggered due to unexplained shutdown at the unknown component.,unknown component,unexplained shutdown,Low
1543,2025-10-22,M-030,TECH-05,"Preventive check: intermittent fault detected, unknown component scheduled for review.  Recommend scheduling maintenance.",unknown component,intermittent fault,Medium
1544,2025-12-22,M-010,TECH-12,"Routine audit flagged random error code on the unknown component.  Monitored, no immediate action taken.",unknown component,random error code,Medium
1545,2025-05-23,M-007,TECH-09,Maintenance check revealed torque beyond rated limit affecting the main shaft.  Recommend scheduling maintenance.,main shaft,torque beyond rated limit,High
1546,2025-06-25,M-018,TECH-07,"Log entry: minor leak, monitored reported for valve during shift inspection.  Recommend scheduling maintenance.",valve,"minor leak, monitored",Low
1547,2025-04-11,M-039,TECH-10,Maintenance check revealed lubrication topped up affecting the belt.  Logged for next scheduled downtime.,belt,lubrication topped up,Low
1548,2025-09-21,M-031,TECH-08,"Preventive check: sudden power loss detected, motor scheduled for review.",motor,sudden power loss,High
1549,2025-06-25,M-057,TECH-11,Alert triggered due to sudden power loss at the drive controller.  Escalated to shift supervisor.,drive controller,sudden power loss,High
1550,2025-06-29,M-039,TECH-04,Unusual behavior detected: overstrain under excessive load linked to the coupling.,coupling,overstrain under excessive load,High
1551,2025-01-07,M-003,TECH-14,Alert triggered due to routine wear observed at the belt.,belt,routine wear observed,Low
1552,2025-02-13,M-055,TECH-12,"During inspection, power failure was observed near the motor.  Escalated to shift supervisor.",motor,power failure,Medium
1553,2025-12-08,M-039,TECH-09,Log entry: sporadic signal loss reported for wiring harness during shift inspection.  Parts ordered for replacement.,wiring harness,sporadic signal loss,Medium
1554,2025-12-13,M-013,TECH-12,Unusual behavior detected: rising process temperature linked to the heat sink.  Parts ordered for replacement.,heat sink,rising process temperature,High
1555,2025-11-19,M-052,TECH-07,Routine audit flagged lubrication topped up on the gasket.  Recommend scheduling maintenance.,gasket,lubrication topped up,Low
1556,2025-08-02,M-023,TECH-02,Log entry: shaft deformation reported for main shaft during shift inspection.,main shaft,shaft deformation,High
1557,2025-03-26,M-028,TECH-15,Radiator inspection found coolant flow restriction; recommend follow-up.  Escalated to shift supervisor.,radiator,coolant flow restriction,High
1558,2025-10-08,M-016,TECH-15,"During inspection, tool degradation was observed near the milling tool.",milling tool,tool degradation,High
1559,2025-10-17,M-040,TECH-09,Unusual behavior detected: shaft deformation linked to the coupling.,coupling,shaft deformation,High
1560,2025-04-19,M-059,TECH-01,"Unusual behavior detected: calibration check passed linked to the filter.  Monitored, no immediate action taken.",filter,calibration check passed,Low
1561,2025-09-01,M-057,TECH-03,Machine is showing rising process temperature and the coolant pump needs replacement.  Parts ordered for replacement.,coolant pump,rising process temperature,Medium
1562,2025-12-03,M-042,TECH-11,Structural frame inspection found torque beyond rated limit; recommend follow-up.,structural frame,torque beyond rated limit,High
1563,2025-11-16,M-052,TECH-08,"Preventive check: bearing seizure detected, bearing scheduled for review.",bearing,bearing seizure,High
1564,2025-06-01,M-048,TECH-07,Alert triggered due to slight noise during operation at the sensor.  Recommend scheduling maintenance.,sensor,slight noise during operation,Low
1565,2025-11-17,M-049,TECH-04,"Preventive check: minor vibration noted detected, sensor scheduled for review.",sensor,minor vibration noted,Low
1566,2025-12-23,M-056,TECH-08,Milling tool showing signs of tool wear beyond threshold after extended run time.  Parts ordered for replacement.,milling tool,tool wear beyond threshold,Medium
1567,2025-08-30,M-025,TECH-03,Unusual behavior detected: power failure linked to the electrical panel.  Parts ordered for replacement.,electrical panel,power failure,Medium
1568,2025-09-21,M-015,TECH-02,Routine audit flagged blunt tool causing poor finish on the cutting tool.,cutting tool,blunt tool causing poor finish,High
1569,2025-11-07,M-025,TECH-08,Coupling showing signs of torque beyond rated limit after extended run time.  Logged for next scheduled downtime.,coupling,torque beyond rated limit,High
1570,2025-12-01,M-018,TECH-11,Motor showing signs of sudden power loss after extended run time.  Parts ordered for replacement.,motor,sudden power loss,Medium
1571,2025-05-02,M-041,TECH-01,Machine is showing intermittent fault and the control unit needs replacement.,control unit,intermittent fault,High
1572,2025-04-13,M-043,TECH-03,Routine audit flagged no repeatable cause identified on the PLC.,PLC,no repeatable cause identified,Low
1573,2025-01-28,M-023,TECH-03,"Preventive check: coolant flow restriction detected, heat sink scheduled for review.",heat sink,coolant flow restriction,High
1574,2025-11-24,M-040,TECH-14,Maintenance check revealed no issue found affecting the valve.,valve,no issue found,Low
1575,2025-07-31,M-030,TECH-13,Routine audit flagged tool degradation on the drill bit.  Escalated to shift supervisor.,drill bit,tool degradation,Medium
1576,2025-02-16,M-055,TECH-02,"Routine audit flagged slight noise during operation on the valve.  Monitored, no immediate action taken.",valve,slight noise during operation,Low
1577,2025-12-31,M-008,TECH-09,Routine audit flagged unexplained shutdown on the sensor module.,sensor module,unexplained shutdown,Low
1578,2025-12-14,M-050,TECH-06,Technician noted voltage fluctuation while servicing the inverter.  Escalated to shift supervisor.,inverter,voltage fluctuation,Medium
1579,2025-12-19,M-023,TECH-02,Drill bit showing signs of blunt tool causing poor finish after extended run time.,drill bit,blunt tool causing poor finish,Medium
1580,2025-06-12,M-044,TECH-15,Maintenance check revealed blunt tool causing poor finish affecting the milling tool.  Recommend scheduling maintenance.,milling tool,blunt tool causing poor finish,High
1581,2025-06-21,M-020,TECH-13,"During inspection, shaft deformation was observed near the structural frame.",structural frame,shaft deformation,Medium
1582,2025-10-04,M-002,TECH-01,Radiator showing signs of fan not spinning at rated speed after extended run time.,radiator,fan not spinning at rated speed,High
1583,2025-05-23,M-051,TECH-15,Log entry: fan not spinning at rated speed reported for cooling fan during shift inspection.  Recommend scheduling maintenance.,cooling fan,fan not spinning at rated speed,High
1584,2025-08-23,M-030,TECH-15,Unusual behavior detected: torque beyond rated limit linked to the structural frame.,structural frame,torque beyond rated limit,High
1585,2025-07-11,M-004,TECH-03,Maintenance check revealed voltage fluctuation affecting the drive controller.,drive controller,voltage fluctuation,High
1586,2025-04-02,M-032,TECH-03,Alert triggered due to random error code at the control unit.  Logged for next scheduled downtime.,control unit,random error code,High
1587,2025-11-16,M-032,TECH-12,Technician noted overstrain under excessive load while servicing the main shaft.,main shaft,overstrain under excessive load,High
1588,2025-10-05,M-002,TECH-01,Alert triggered due to overstrain under excessive load at the coupling.  Parts ordered for replacement.,coupling,overstrain under excessive load,High
1589,2025-04-02,M-021,TECH-07,Routine audit flagged intermittent fault on the sensor module.,sensor module,intermittent fault,Medium
1590,2025-05-23,M-033,TECH-12,"During inspection, routine wear observed was observed near the lubrication line.  Parts ordered for replacement.",lubrication line,routine wear observed,Low
1591,2025-07-30,M-008,TECH-11,Machine is showing random error code and the PLC needs replacement.,PLC,random error code,Medium
1592,2025-10-21,M-011,TECH-15,Routine audit flagged routine wear observed on the valve.,valve,routine wear observed,Low
1593,2025-02-16,M-008,TECH-15,Routine audit flagged unexplained shutdown on the unknown component.,unknown component,unexplained shutdown,Medium
1594,2025-07-26,M-001,TECH-13,Technician noted random error code while servicing the wiring harness.  Parts ordered for replacement.,wiring harness,random error code,Medium
1595,2025-12-02,M-001,TECH-03,Technician noted fan not spinning at rated speed while servicing the coolant pump.,coolant pump,fan not spinning at rated speed,Medium
1596,2025-12-19,M-031,TECH-09,Technician noted shaft deformation while servicing the bearing.  Logged for next scheduled downtime.,bearing,shaft deformation,High
1597,2025-11-10,M-027,TECH-09,"Preventive check: minor leak, monitored detected, valve scheduled for review.  Recommend scheduling maintenance.",valve,"minor leak, monitored",Low
1598,2025-03-22,M-018,TECH-03,Routine audit flagged worn cutting edge on the tool holder.,tool holder,worn cutting edge,High
1599,2025-08-28,M-023,TECH-13,Operator reported sudden power loss originating from the inverter.  Logged for next scheduled downtime.,inverter,sudden power loss,High
1600,2025-11-19,M-058,TECH-14,Routine audit flagged excessive tool wear on the milling tool.,milling tool,excessive tool wear,Medium
1601,2025-02-05,M-027,TECH-04,"Preventive check: worn cutting edge detected, blade scheduled for review.  Monitored, no immediate action taken.",blade,worn cutting edge,Medium
1602,2025-06-14,M-023,TECH-04,Technician noted excessive tool wear while servicing the cutting tool.  Escalated to shift supervisor.,cutting tool,excessive tool wear,High
1603,2025-04-10,M-033,TECH-07,Routine audit flagged overheating on the heat sink.,heat sink,overheating,Medium
1604,2025-10-29,M-015,TECH-02,Machine is showing shaft deformation and the coupling needs replacement.  Recommend scheduling maintenance.,coupling,shaft deformation,High
1605,2025-01-28,M-038,TECH-08,"During inspection, rising process temperature was observed near the heat sink.  Logged for next scheduled downtime.",heat sink,rising process temperature,High
1606,2025-11-28,M-024,TECH-03,Machine is showing coolant flow restriction and the coolant pump needs replacement.  Escalated to shift supervisor.,coolant pump,coolant flow restriction,High
1607,2025-03-06,M-046,TECH-13,Maintenance check revealed structural stress cracking affecting the coupling.,coupling,structural stress cracking,High
1608,2025-03-16,M-060,TECH-08,Machine is showing fan not spinning at rated speed and the heat sink needs replacement.  Parts ordered for replacement.,heat sink,fan not spinning at rated speed,High
1609,2025-01-08,M-055,TECH-05,"Tool holder inspection found worn cutting edge; recommend follow-up.  Monitored, no immediate action taken.",tool holder,worn cutting edge,Medium
1610,2025-08-18,M-001,TECH-05,Alert triggered due to tool degradation at the milling tool.  Parts ordered for replacement.,milling tool,tool degradation,Medium
1611,2025-12-31,M-048,TECH-15,Operator reported blunt tool causing poor finish originating from the tool holder.,tool holder,blunt tool causing poor finish,High
1612,2025-06-09,M-050,TECH-14,"Routine audit flagged minor leak, monitored on the bearing.  Monitored, no immediate action taken.",bearing,"minor leak, monitored",Low
1613,2025-10-13,M-036,TECH-12,Log entry: blunt tool causing poor finish reported for drill bit during shift inspection.,drill bit,blunt tool causing poor finish,High
1614,2025-06-11,M-020,TECH-05,Alert triggered due to unexplained shutdown at the PLC.  Escalated to shift supervisor.,PLC,unexplained shutdown,Low
1615,2025-06-10,M-060,TECH-10,Operator reported slight noise during operation originating from the pump.  Escalated to shift supervisor.,pump,slight noise during operation,Medium
1616,2025-05-17,M-003,TECH-10,Routine audit flagged intermittent fault on the sensor module.,sensor module,intermittent fault,Medium
1617,2025-02-04,M-016,TECH-12,Belt inspection found lubrication topped up; recommend follow-up.  Recommend scheduling maintenance.,belt,lubrication topped up,Low
1618,2025-03-22,M-059,TECH-06,"During inspection, overheating was observed near the ventilation duct.  Recommend scheduling maintenance.",ventilation duct,overheating,Medium
1619,2025-02-17,M-004,TECH-06,Routine audit flagged overstrain under excessive load on the structural frame.,structural frame,overstrain under excessive load,High
1620,2025-07-21,M-045,TECH-10,Maintenance check revealed worn cutting edge affecting the cutting tool.  Parts ordered for replacement.,cutting tool,worn cutting edge,High
1621,2025-04-16,M-024,TECH-03,"Routine audit flagged coolant flow restriction on the cooling fan.  Monitored, no immediate action taken.",cooling fan,coolant flow restriction,High
1622,2025-10-03,M-040,TECH-13,"Preventive check: scheduled inspection completed detected, lubrication line scheduled for review.  Monitored, no immediate action taken.",lubrication line,scheduled inspection completed,Low
1623,2025-04-23,M-040,TECH-04,Sensor inspection found routine wear observed; recommend follow-up.  Escalated to shift supervisor.,sensor,routine wear observed,Low
1624,2025-11-06,M-051,TECH-08,Unusual behavior detected: tool degradation linked to the blade.  Logged for next scheduled downtime.,blade,tool degradation,Medium
1625,2025-04-09,M-009,TECH-01,Routine audit flagged overheating on the coolant pump.  Recommend scheduling maintenance.,coolant pump,overheating,High
1626,2025-10-11,M-043,TECH-14,Lubrication line showing signs of no issue found after extended run time.,lubrication line,no issue found,Low
1627,2025-11-21,M-028,TECH-05,"Machine is showing no repeatable cause identified and the wiring harness needs replacement.  Monitored, no immediate action taken.",wiring harness,no repeatable cause identified,Medium
1628,2025-11-29,M-056,TECH-15,"Machine is showing worn cutting edge and the tool holder needs replacement.  Monitored, no immediate action taken.",tool holder,worn cutting edge,High
1629,2025-10-05,M-059,TECH-15,Routine audit flagged scheduled inspection completed on the gasket.,gasket,scheduled inspection completed,Low
1630,2025-03-05,M-029,TECH-07,"During inspection, minor vibration noted was observed near the belt.  Parts ordered for replacement.",belt,minor vibration noted,Low
1631,2025-06-12,M-028,TECH-10,"Routine audit flagged blunt tool causing poor finish on the blade.  Monitored, no immediate action taken.",blade,blunt tool causing poor finish,High
1632,2025-12-29,M-047,TECH-08,Alert triggered due to scheduled inspection completed at the filter.,filter,scheduled inspection completed,Low
1633,2025-12-04,M-018,TECH-15,"Maintenance check revealed overstrain under excessive load affecting the gearbox.  Monitored, no immediate action taken.",gearbox,overstrain under excessive load,Medium
1634,2025-12-05,M-033,TECH-07,Drive controller showing signs of sudden power loss after extended run time.  Logged for next scheduled downtime.,drive controller,sudden power loss,High
1635,2025-12-11,M-002,TECH-07,Technician noted calibration check passed while servicing the pump.  Escalated to shift supervisor.,pump,calibration check passed,Low
1636,2025-10-09,M-027,TECH-12,"Preventive check: calibration check passed detected, gasket scheduled for review.  Escalated to shift supervisor.",gasket,calibration check passed,Low
1637,2025-06-22,M-038,TECH-02,Valve showing signs of routine wear observed after extended run time.  Parts ordered for replacement.,valve,routine wear observed,Low
1638,2025-03-18,M-035,TECH-10,Machine is showing excessive tool wear and the milling tool needs replacement.  Escalated to shift supervisor.,milling tool,excessive tool wear,Medium
1639,2025-11-08,M-015,TECH-15,"Preventive check: random error code detected, control unit scheduled for review.",control unit,random error code,Medium
1640,2025-09-30,M-031,TECH-12,Alert triggered due to coolant flow restriction at the radiator.,radiator,coolant flow restriction,High
1641,2025-11-19,M-022,TECH-03,"During inspection, random error code was observed near the wiring harness.  Monitored, no immediate action taken.",wiring harness,random error code,Medium
1642,2025-09-16,M-060,TECH-04,"Preventive check: fan not spinning at rated speed detected, heat sink scheduled for review.",heat sink,fan not spinning at rated speed,Medium
1643,2025-08-23,M-013,TECH-15,Unusual behavior detected: coolant flow restriction linked to the ventilation duct.,ventilation duct,coolant flow restriction,High
1644,2025-05-08,M-045,TECH-13,"Alert triggered due to power failure at the power supply unit.  Monitored, no immediate action taken.",power supply unit,power failure,High
1645,2025-10-13,M-015,TECH-06,Operator reported blunt tool causing poor finish originating from the drill bit.  Logged for next scheduled downtime.,drill bit,blunt tool causing poor finish,High
1646,2025-11-21,M-031,TECH-01,Routine audit flagged no issue found on the valve.,valve,no issue found,Low
1647,2025-06-07,M-025,TECH-12,Machine is showing voltage fluctuation and the inverter needs replacement.,inverter,voltage fluctuation,High
1648,2025-03-02,M-037,TECH-02,Log entry: unexplained shutdown reported for wiring harness during shift inspection.,wiring harness,unexplained shutdown,Medium
1649,2025-06-25,M-035,TECH-10,"During inspection, voltage fluctuation was observed near the power supply unit.",power supply unit,voltage fluctuation,High
1650,2025-12-02,M-017,TECH-07,Unusual behavior detected: no issue found linked to the belt.  Parts ordered for replacement.,belt,no issue found,Medium
1651,2025-01-09,M-022,TECH-11,Alert triggered due to torque beyond rated limit at the bearing.,bearing,torque beyond rated limit,High
1652,2025-06-06,M-031,TECH-11,"During inspection, poor heat dissipation was observed near the radiator.",radiator,poor heat dissipation,High
1653,2025-02-04,M-058,TECH-07,Unusual behavior detected: excessive tool wear linked to the cutting tool.  Escalated to shift supervisor.,cutting tool,excessive tool wear,High
1654,2025-07-08,M-042,TECH-10,"During inspection, voltage fluctuation was observed near the electrical panel.  Monitored, no immediate action taken.",electrical panel,voltage fluctuation,High
1655,2025-01-02,M-014,TECH-03,"Technician noted abnormal current draw while servicing the electrical panel.  Monitored, no immediate action taken.",electrical panel,abnormal current draw,High
1656,2025-03-16,M-055,TECH-05,"Preventive check: intermittent fault detected, control unit scheduled for review.  Parts ordered for replacement.",control unit,intermittent fault,Low
1657,2025-11-09,M-044,TECH-05,Operator reported excessive tool wear originating from the cutting tool.,cutting tool,excessive tool wear,High
1658,2025-08-22,M-032,TECH-11,Inverter inspection found sudden power loss; recommend follow-up.  Recommend scheduling maintenance.,inverter,sudden power loss,High
1659,2025-12-27,M-032,TECH-15,"Machine is showing sudden power loss and the power supply unit needs replacement.  Monitored, no immediate action taken.",power supply unit,sudden power loss,Medium
1660,2025-01-17,M-013,TECH-02,Technician noted overheating while servicing the cooling fan.,cooling fan,overheating,High
1661,2025-03-25,M-030,TECH-11,"Preventive check: power failure detected, inverter scheduled for review.  Monitored, no immediate action taken.",inverter,power failure,Medium
1662,2025-04-20,M-005,TECH-09,Log entry: calibration check passed reported for bearing during shift inspection.,bearing,calibration check passed,Low
1663,2025-02-19,M-032,TECH-02,"Machine is showing routine wear observed and the pump needs replacement.  Monitored, no immediate action taken.",pump,routine wear observed,Low
1664,2025-05-24,M-001,TECH-14,Unusual behavior detected: coolant flow restriction linked to the ventilation duct.  Escalated to shift supervisor.,ventilation duct,coolant flow restriction,High
1665,2025-10-28,M-018,TECH-09,Maintenance check revealed overheating affecting the coolant pump.,coolant pump,overheating,High
1666,2025-10-05,M-027,TECH-06,"During inspection, scheduled inspection completed was observed near the pump.  Parts ordered for replacement.",pump,scheduled inspection completed,Low
1667,2025-07-05,M-003,TECH-15,Maintenance check revealed sudden power loss affecting the electrical panel.  Logged for next scheduled downtime.,electrical panel,sudden power loss,High
1668,2025-08-31,M-001,TECH-11,Routine audit flagged shaft deformation on the main shaft.,main shaft,shaft deformation,High
1669,2025-09-07,M-051,TECH-11,Operator reported lubrication topped up originating from the sensor.  Parts ordered for replacement.,sensor,lubrication topped up,Low
1670,2025-08-10,M-050,TECH-03,Alert triggered due to scheduled inspection completed at the valve.,valve,scheduled inspection completed,Medium
1671,2025-10-12,M-054,TECH-03,Technician noted power failure while servicing the inverter.,inverter,power failure,High
1672,2025-10-31,M-019,TECH-14,Machine is showing bearing seizure and the main shaft needs replacement.  Recommend scheduling maintenance.,main shaft,bearing seizure,High
1673,2025-05-21,M-008,TECH-12,Routine audit flagged blunt tool causing poor finish on the milling tool.,milling tool,blunt tool causing poor finish,Medium
1674,2025-07-25,M-057,TECH-01,"Preventive check: sporadic signal loss detected, wiring harness scheduled for review.  Parts ordered for replacement.",wiring harness,sporadic signal loss,Medium
1675,2025-06-09,M-046,TECH-03,Lubrication line showing signs of routine wear observed after extended run time.  Recommend scheduling maintenance.,lubrication line,routine wear observed,Low
1676,2025-09-16,M-032,TECH-09,Maintenance check revealed overheating affecting the coolant pump.  Recommend scheduling maintenance.,coolant pump,overheating,Medium
1677,2025-11-22,M-018,TECH-08,"During inspection, routine wear observed was observed near the sensor.  Parts ordered for replacement.",sensor,routine wear observed,Medium
1678,2025-03-05,M-046,TECH-12,"Preventive check: worn cutting edge detected, tool holder scheduled for review.",tool holder,worn cutting edge,High
1679,2025-10-03,M-048,TECH-09,Operator reported calibration check passed originating from the pump.  Recommend scheduling maintenance.,pump,calibration check passed,Low
1680,2025-06-26,M-006,TECH-11,"Preventive check: minor vibration noted detected, sensor scheduled for review.",sensor,minor vibration noted,Low
1681,2025-11-30,M-028,TECH-14,Wiring harness inspection found unexplained shutdown; recommend follow-up.,wiring harness,unexplained shutdown,Low
1682,2025-01-14,M-057,TECH-06,"Maintenance check revealed minor leak, monitored affecting the gasket.  Logged for next scheduled downtime.",gasket,"minor leak, monitored",Low
1683,2025-03-01,M-043,TECH-07,Unusual behavior detected: torque beyond rated limit linked to the coupling.  Recommend scheduling maintenance.,coupling,torque beyond rated limit,Medium
1684,2025-07-14,M-049,TECH-15,Unusual behavior detected: lubrication topped up linked to the pump.  Escalated to shift supervisor.,pump,lubrication topped up,Low
1685,2025-01-16,M-057,TECH-07,"Blade showing signs of worn cutting edge after extended run time.  Monitored, no immediate action taken.",blade,worn cutting edge,High
1686,2025-11-24,M-058,TECH-05,"Wiring harness inspection found unexplained shutdown; recommend follow-up.  Monitored, no immediate action taken.",wiring harness,unexplained shutdown,Medium
1687,2025-10-15,M-053,TECH-01,"Preventive check: torque beyond rated limit detected, bearing scheduled for review.  Parts ordered for replacement.",bearing,torque beyond rated limit,High
1688,2025-10-13,M-028,TECH-08,"During inspection, no issue found was observed near the valve.",valve,no issue found,Low
1689,2025-08-29,M-035,TECH-03,Routine audit flagged torque beyond rated limit on the bearing.,bearing,torque beyond rated limit,High
1690,2025-03-05,M-002,TECH-10,Machine is showing abnormal current draw and the power supply unit needs replacement.  Recommend scheduling maintenance.,power supply unit,abnormal current draw,High
1691,2025-09-29,M-033,TECH-15,Log entry: lubrication topped up reported for bearing during shift inspection.  Logged for next scheduled downtime.,bearing,lubrication topped up,Low
1692,2025-02-19,M-040,TECH-11,Alert triggered due to intermittent fault at the PLC.  Escalated to shift supervisor.,PLC,intermittent fault,Low
1693,2025-03-18,M-004,TECH-04,Operator reported rising process temperature originating from the radiator.  Logged for next scheduled downtime.,radiator,rising process temperature,High
1694,2025-07-03,M-046,TECH-09,Machine is showing worn cutting edge and the cutting tool needs replacement.,cutting tool,worn cutting edge,High
1695,2025-08-09,M-023,TECH-06,"Machine is showing minor vibration noted and the sensor needs replacement.  Monitored, no immediate action taken.",sensor,minor vibration noted,Low
1696,2025-04-08,M-051,TECH-12,Log entry: motor stalling under load reported for power supply unit during shift inspection.,power supply unit,motor stalling under load,High
1697,2025-03-13,M-012,TECH-05,"Technician noted intermittent fault while servicing the sensor module.  Monitored, no immediate action taken.",sensor module,intermittent fault,Low
1698,2025-10-05,M-043,TECH-14,Technician noted lubrication topped up while servicing the sensor.,sensor,lubrication topped up,Low
1699,2025-04-23,M-041,TECH-13,"During inspection, tool degradation was observed near the cutting tool.  Parts ordered for replacement.",cutting tool,tool degradation,Medium
1700,2025-07-19,M-035,TECH-06,"During inspection, poor heat dissipation was observed near the coolant pump.",coolant pump,poor heat dissipation,High
1701,2025-12-18,M-011,TECH-07,"Routine audit flagged minor vibration noted on the filter.  Monitored, no immediate action taken.",filter,minor vibration noted,Low
1702,2025-07-31,M-049,TECH-01,"During inspection, minor vibration noted was observed near the bearing.",bearing,minor vibration noted,Medium
1703,2025-03-18,M-043,TECH-08,Routine audit flagged poor heat dissipation on the heat sink.  Logged for next scheduled downtime.,heat sink,poor heat dissipation,High
1704,2025-12-18,M-019,TECH-13,Alert triggered due to routine wear observed at the bearing.,bearing,routine wear observed,Low
1705,2025-12-27,M-006,TECH-07,Technician noted poor heat dissipation while servicing the coolant pump.,coolant pump,poor heat dissipation,High
1706,2025-08-20,M-022,TECH-10,Routine audit flagged abnormal current draw on the motor.,motor,abnormal current draw,High
1707,2025-11-01,M-036,TECH-11,Pump showing signs of routine wear observed after extended run time.  Escalated to shift supervisor.,pump,routine wear observed,Low
1708,2025-08-14,M-020,TECH-13,Sensor showing signs of scheduled inspection completed after extended run time.,sensor,scheduled inspection completed,Low
1709,2025-11-17,M-030,TECH-13,Alert triggered due to fan not spinning at rated speed at the cooling fan.  Recommend scheduling maintenance.,cooling fan,fan not spinning at rated speed,High
1710,2025-05-08,M-052,TECH-11,Unusual behavior detected: minor vibration noted linked to the pump.  Parts ordered for replacement.,pump,minor vibration noted,Low
1711,2025-09-01,M-027,TECH-12,"Log entry: overheating reported for heat sink during shift inspection.  Monitored, no immediate action taken.",heat sink,overheating,High
1712,2025-07-05,M-004,TECH-15,Machine is showing shaft deformation and the bearing needs replacement.  Parts ordered for replacement.,bearing,shaft deformation,High
1713,2025-03-14,M-003,TECH-04,Machine is showing power failure and the power supply unit needs replacement.  Recommend scheduling maintenance.,power supply unit,power failure,High
1714,2025-09-09,M-045,TECH-15,Alert triggered due to worn cutting edge at the drill bit.,drill bit,worn cutting edge,Medium
1715,2025-11-17,M-004,TECH-07,Unusual behavior detected: lubrication topped up linked to the belt.,belt,lubrication topped up,Low
1716,2025-05-11,M-049,TECH-07,Operator reported sudden power loss originating from the motor.  Recommend scheduling maintenance.,motor,sudden power loss,Medium
1717,2025-03-12,M-027,TECH-10,Alert triggered due to lubrication topped up at the gasket.  Parts ordered for replacement.,gasket,lubrication topped up,Low
1718,2025-01-01,M-009,TECH-03,"Preventive check: minor leak, monitored detected, gasket scheduled for review.  Monitored, no immediate action taken.",gasket,"minor leak, monitored",Low
1719,2025-09-07,M-021,TECH-11,"Unusual behavior detected: minor leak, monitored linked to the valve.  Parts ordered for replacement.",valve,"minor leak, monitored",Low
1720,2025-05-01,M-020,TECH-02,"Technician noted rising process temperature while servicing the coolant pump.  Monitored, no immediate action taken.",coolant pump,rising process temperature,Medium
1721,2025-12-10,M-023,TECH-03,Routine audit flagged slight noise during operation on the belt.  Escalated to shift supervisor.,belt,slight noise during operation,Low
1722,2025-08-07,M-041,TECH-11,"Machine is showing minor leak, monitored and the filter needs replacement.",filter,"minor leak, monitored",Low
1723,2025-06-15,M-026,TECH-07,"Preventive check: tool wear beyond threshold detected, cutting tool scheduled for review.",cutting tool,tool wear beyond threshold,High
1724,2025-06-20,M-008,TECH-11,Unusual behavior detected: worn cutting edge linked to the tool holder.,tool holder,worn cutting edge,High
1725,2025-06-11,M-030,TECH-02,Technician noted no issue found while servicing the lubrication line.,lubrication line,no issue found,Low
1726,2025-01-05,M-007,TECH-07,Log entry: abnormal current draw reported for power supply unit during shift inspection.  Recommend scheduling maintenance.,power supply unit,abnormal current draw,High
1727,2025-10-19,M-025,TECH-14,Unusual behavior detected: minor vibration noted linked to the belt.,belt,minor vibration noted,Medium
1728,2025-03-01,M-044,TECH-09,Machine is showing overheating and the radiator needs replacement.,radiator,overheating,High
1729,2025-02-06,M-039,TECH-12,Unusual behavior detected: blunt tool causing poor finish linked to the blade.  Recommend scheduling maintenance.,blade,blunt tool causing poor finish,Medium
1730,2025-08-05,M-043,TECH-03,"Maintenance check revealed scheduled inspection completed affecting the lubrication line.  Monitored, no immediate action taken.",lubrication line,scheduled inspection completed,Low
1731,2025-07-15,M-056,TECH-11,Alert triggered due to calibration check passed at the belt.,belt,calibration check passed,Medium
1732,2025-04-17,M-034,TECH-11,"Preventive check: excessive tool wear detected, drill bit scheduled for review.",drill bit,excessive tool wear,Medium
1733,2025-03-15,M-016,TECH-05,Filter showing signs of lubrication topped up after extended run time.  Escalated to shift supervisor.,filter,lubrication topped up,Low
1734,2025-04-04,M-009,TECH-07,Alert triggered due to slight noise during operation at the belt.  Logged for next scheduled downtime.,belt,slight noise during operation,Low
1735,2025-01-02,M-042,TECH-15,"Preventive check: motor stalling under load detected, inverter scheduled for review.",inverter,motor stalling under load,High
1736,2025-12-09,M-037,TECH-10,Maintenance check revealed no issue found affecting the belt.  Logged for next scheduled downtime.,belt,no issue found,Medium
1737,2025-05-15,M-045,TECH-14,Unusual behavior detected: worn cutting edge linked to the drill bit.,drill bit,worn cutting edge,High
1738,2025-02-28,M-056,TECH-06,Operator reported shaft deformation originating from the main shaft.  Logged for next scheduled downtime.,main shaft,shaft deformation,Medium
1739,2025-06-07,M-055,TECH-12,Bearing showing signs of lubrication topped up after extended run time.  Parts ordered for replacement.,bearing,lubrication topped up,Low
1740,2025-05-28,M-020,TECH-08,Gearbox inspection found shaft deformation; recommend follow-up.,gearbox,shaft deformation,High
1741,2025-09-21,M-037,TECH-05,"Gasket inspection found lubrication topped up; recommend follow-up.  Monitored, no immediate action taken.",gasket,lubrication topped up,Medium
1742,2025-04-08,M-018,TECH-05,Technician noted bearing seizure while servicing the coupling.  Parts ordered for replacement.,coupling,bearing seizure,Medium
1743,2025-03-16,M-018,TECH-15,Routine audit flagged coolant flow restriction on the cooling fan.  Recommend scheduling maintenance.,cooling fan,coolant flow restriction,High
1744,2025-01-24,M-033,TECH-11,"Operator reported random error code originating from the wiring harness.  Monitored, no immediate action taken.",wiring harness,random error code,Medium
1745,2025-06-04,M-007,TECH-12,"Preventive check: slight noise during operation detected, pump scheduled for review.  Recommend scheduling maintenance.",pump,slight noise during operation,Low
1746,2025-01-01,M-023,TECH-11,Machine is showing overstrain under excessive load and the main shaft needs replacement.  Parts ordered for replacement.,main shaft,overstrain under excessive load,High
1747,2025-11-06,M-013,TECH-12,"Drive controller showing signs of motor stalling under load after extended run time.  Monitored, no immediate action taken.",drive controller,motor stalling under load,High
1748,2025-01-27,M-003,TECH-02,Log entry: rising process temperature reported for heat sink during shift inspection.  Logged for next scheduled downtime.,heat sink,rising process temperature,Medium
1749,2025-07-04,M-017,TECH-11,Lubrication line inspection found no issue found; recommend follow-up.,lubrication line,no issue found,Medium
1750,2025-11-06,M-032,TECH-12,Maintenance check revealed unexplained shutdown affecting the unknown component.,unknown component,unexplained shutdown,Low
1751,2025-01-04,M-006,TECH-01,Machine is showing rising process temperature and the ventilation duct needs replacement.  Logged for next scheduled downtime.,ventilation duct,rising process temperature,High
1752,2025-10-04,M-050,TECH-03,Machine is showing random error code and the sensor module needs replacement.,sensor module,random error code,Low
1753,2025-01-07,M-042,TECH-06,Machine is showing motor stalling under load and the motor needs replacement.  Parts ordered for replacement.,motor,motor stalling under load,High
1754,2025-04-14,M-005,TECH-13,Log entry: rising process temperature reported for cooling fan during shift inspection.  Recommend scheduling maintenance.,cooling fan,rising process temperature,High
1755,2025-05-04,M-044,TECH-01,Valve showing signs of calibration check passed after extended run time.,valve,calibration check passed,Low
1756,2025-02-24,M-055,TECH-08,Maintenance check revealed calibration check passed affecting the sensor.  Parts ordered for replacement.,sensor,calibration check passed,Medium
1757,2025-11-09,M-018,TECH-15,Log entry: shaft deformation reported for structural frame during shift inspection.,structural frame,shaft deformation,High
1758,2025-11-04,M-010,TECH-11,"During inspection, voltage fluctuation was observed near the motor.  Monitored, no immediate action taken.",motor,voltage fluctuation,High
1759,2025-01-05,M-011,TECH-11,Gearbox inspection found bearing seizure; recommend follow-up.,gearbox,bearing seizure,High
1760,2025-08-05,M-056,TECH-11,Technician noted lubrication topped up while servicing the bearing.  Escalated to shift supervisor.,bearing,lubrication topped up,Low
1761,2025-09-08,M-036,TECH-03,"Pump showing signs of minor leak, monitored after extended run time.",pump,"minor leak, monitored",Low
1762,2025-02-25,M-040,TECH-01,Maintenance check revealed blunt tool causing poor finish affecting the tool holder.  Recommend scheduling maintenance.,tool holder,blunt tool causing poor finish,High
1763,2025-02-26,M-050,TECH-11,Alert triggered due to structural stress cracking at the bearing.  Recommend scheduling maintenance.,bearing,structural stress cracking,Medium
1764,2025-05-14,M-012,TECH-01,Operator reported routine wear observed originating from the bearing.  Logged for next scheduled downtime.,bearing,routine wear observed,Low
1765,2025-03-29,M-005,TECH-06,Bearing inspection found no issue found; recommend follow-up.,bearing,no issue found,Low
1766,2025-09-23,M-024,TECH-15,Routine audit flagged lubrication topped up on the pump.  Logged for next scheduled downtime.,pump,lubrication topped up,Medium
1767,2025-12-17,M-054,TECH-13,Unusual behavior detected: minor vibration noted linked to the gasket.,gasket,minor vibration noted,Low
1768,2025-05-25,M-046,TECH-04,Alert triggered due to fan not spinning at rated speed at the cooling fan.  Recommend scheduling maintenance.,cooling fan,fan not spinning at rated speed,High
1769,2025-07-05,M-005,TECH-10,Heat sink inspection found overheating; recommend follow-up.  Logged for next scheduled downtime.,heat sink,overheating,Medium
1770,2025-10-27,M-058,TECH-13,"Technician noted minor leak, monitored while servicing the lubrication line.  Parts ordered for replacement.",lubrication line,"minor leak, monitored",Low
1771,2025-08-28,M-011,TECH-12,"Routine audit flagged poor heat dissipation on the cooling fan.  Monitored, no immediate action taken.",cooling fan,poor heat dissipation,Medium
1772,2025-07-07,M-049,TECH-07,"Belt inspection found minor leak, monitored; recommend follow-up.  Escalated to shift supervisor.",belt,"minor leak, monitored",Low
1773,2025-05-31,M-007,TECH-14,Operator reported sporadic signal loss originating from the PLC.  Parts ordered for replacement.,PLC,sporadic signal loss,Low
1774,2025-11-18,M-034,TECH-02,"During inspection, random error code was observed near the PLC.  Monitored, no immediate action taken.",PLC,random error code,Low
1775,2025-06-19,M-030,TECH-04,Unknown component inspection found random error code; recommend follow-up.  Logged for next scheduled downtime.,unknown component,random error code,Medium
1776,2025-08-04,M-051,TECH-10,Operator reported coolant flow restriction originating from the radiator.,radiator,coolant flow restriction,High
1777,2025-06-24,M-027,TECH-08,Maintenance check revealed routine wear observed affecting the bearing.  Parts ordered for replacement.,bearing,routine wear observed,Low
1778,2025-10-03,M-041,TECH-09,"Technician noted minor leak, monitored while servicing the sensor.",sensor,"minor leak, monitored",Low
1779,2025-09-18,M-014,TECH-09,Operator reported shaft deformation originating from the main shaft.,main shaft,shaft deformation,High
1780,2025-05-02,M-006,TECH-08,Tool holder inspection found worn cutting edge; recommend follow-up.  Parts ordered for replacement.,tool holder,worn cutting edge,High
1781,2025-12-15,M-029,TECH-08,Belt showing signs of scheduled inspection completed after extended run time.,belt,scheduled inspection completed,Medium
1782,2025-12-25,M-033,TECH-15,"During inspection, bearing seizure was observed near the structural frame.",structural frame,bearing seizure,Medium
1783,2025-06-20,M-050,TECH-10,"Preventive check: routine wear observed detected, valve scheduled for review.",valve,routine wear observed,Low
1784,2025-03-12,M-001,TECH-14,"During inspection, minor leak, monitored was observed near the valve.",valve,"minor leak, monitored",Low
1785,2025-12-23,M-025,TECH-03,Technician noted power failure while servicing the electrical panel.  Escalated to shift supervisor.,electrical panel,power failure,High
1786,2025-01-30,M-018,TECH-11,"Preventive check: no repeatable cause identified detected, PLC scheduled for review.  Monitored, no immediate action taken.",PLC,no repeatable cause identified,Low
1787,2025-08-04,M-001,TECH-07,Routine audit flagged random error code on the wiring harness.,wiring harness,random error code,Medium
1788,2025-07-28,M-059,TECH-05,Log entry: no issue found reported for gasket during shift inspection.  Recommend scheduling maintenance.,gasket,no issue found,Low
1789,2025-12-03,M-059,TECH-10,Ventilation duct showing signs of poor heat dissipation after extended run time.  Escalated to shift supervisor.,ventilation duct,poor heat dissipation,High
1790,2025-04-18,M-041,TECH-02,Alert triggered due to scheduled inspection completed at the belt.,belt,scheduled inspection completed,Medium
1791,2025-04-09,M-021,TECH-04,Tool holder inspection found excessive tool wear; recommend follow-up.  Recommend scheduling maintenance.,tool holder,excessive tool wear,High
1792,2025-03-05,M-041,TECH-09,"Machine is showing sudden power loss and the drive controller needs replacement.  Monitored, no immediate action taken.",drive controller,sudden power loss,High
1793,2025-02-14,M-036,TECH-14,"Operator reported overstrain under excessive load originating from the gearbox.  Monitored, no immediate action taken.",gearbox,overstrain under excessive load,Medium
1794,2025-03-17,M-013,TECH-13,"Preventive check: sporadic signal loss detected, sensor module scheduled for review.",sensor module,sporadic signal loss,High
1795,2025-12-05,M-039,TECH-01,"Bearing inspection found minor leak, monitored; recommend follow-up.",bearing,"minor leak, monitored",Medium
1796,2025-07-06,M-014,TECH-14,Alert triggered due to overstrain under excessive load at the structural frame.,structural frame,overstrain under excessive load,High
1797,2025-11-11,M-039,TECH-13,"During inspection, routine wear observed was observed near the bearing.  Escalated to shift supervisor.",bearing,routine wear observed,Low
1798,2025-10-14,M-024,TECH-06,"Unusual behavior detected: excessive tool wear linked to the milling tool.  Monitored, no immediate action taken.",milling tool,excessive tool wear,High
1799,2025-12-11,M-027,TECH-14,"Preventive check: poor heat dissipation detected, coolant pump scheduled for review.  Parts ordered for replacement.",coolant pump,poor heat dissipation,High
1800,2025-03-01,M-016,TECH-05,Unusual behavior detected: routine wear observed linked to the sensor.,sensor,routine wear observed,Low
1801,2025-12-13,M-058,TECH-05,Machine is showing calibration check passed and the sensor needs replacement.  Logged for next scheduled downtime.,sensor,calibration check passed,Low
1802,2025-03-10,M-032,TECH-07,Heat sink inspection found fan not spinning at rated speed; recommend follow-up.,heat sink,fan not spinning at rated speed,High
1803,2025-10-01,M-019,TECH-02,"During inspection, torque beyond rated limit was observed near the coupling.",coupling,torque beyond rated limit,Medium
1804,2025-04-11,M-019,TECH-03,Log entry: minor vibration noted reported for gasket during shift inspection.  Parts ordered for replacement.,gasket,minor vibration noted,Low
1805,2025-09-13,M-048,TECH-03,"During inspection, no issue found was observed near the valve.",valve,no issue found,Low
1806,2025-12-14,M-039,TECH-03,Log entry: lubrication topped up reported for filter during shift inspection.,filter,lubrication topped up,Low
1807,2025-01-24,M-041,TECH-06,Unusual behavior detected: power failure linked to the power supply unit.,power supply unit,power failure,Medium
1808,2025-05-20,M-034,TECH-09,Alert triggered due to slight noise during operation at the gasket.  Escalated to shift supervisor.,gasket,slight noise during operation,Low
1809,2025-06-24,M-052,TECH-03,Log entry: calibration check passed reported for bearing during shift inspection.  Recommend scheduling maintenance.,bearing,calibration check passed,Low
1810,2025-12-19,M-047,TECH-12,Machine is showing voltage fluctuation and the drive controller needs replacement.,drive controller,voltage fluctuation,High
1811,2025-11-08,M-036,TECH-05,"Unusual behavior detected: sudden power loss linked to the inverter.  Monitored, no immediate action taken.",inverter,sudden power loss,High
1812,2025-10-13,M-051,TECH-06,Technician noted scheduled inspection completed while servicing the belt.  Escalated to shift supervisor.,belt,scheduled inspection completed,Medium
1813,2025-07-03,M-014,TECH-03,"Preventive check: fan not spinning at rated speed detected, cooling fan scheduled for review.  Parts ordered for replacement.",cooling fan,fan not spinning at rated speed,High
1814,2025-08-21,M-028,TECH-13,Unusual behavior detected: structural stress cracking linked to the main shaft.,main shaft,structural stress cracking,High
1815,2025-03-17,M-028,TECH-07,Machine is showing power failure and the power supply unit needs replacement.  Recommend scheduling maintenance.,power supply unit,power failure,Medium
1816,2025-06-28,M-048,TECH-07,Alert triggered due to sporadic signal loss at the sensor module.  Escalated to shift supervisor.,sensor module,sporadic signal loss,Medium
1817,2025-03-31,M-034,TECH-05,Tool holder inspection found tool degradation; recommend follow-up.  Recommend scheduling maintenance.,tool holder,tool degradation,High
1818,2025-09-27,M-007,TECH-12,Electrical panel showing signs of voltage fluctuation after extended run time.  Parts ordered for replacement.,electrical panel,voltage fluctuation,High
1819,2025-01-20,M-027,TECH-15,Electrical panel inspection found motor stalling under load; recommend follow-up.,electrical panel,motor stalling under load,High
1820,2025-11-07,M-017,TECH-09,Routine audit flagged scheduled inspection completed on the belt.,belt,scheduled inspection completed,Low
1821,2025-07-26,M-044,TECH-13,Technician noted motor stalling under load while servicing the electrical panel.  Parts ordered for replacement.,electrical panel,motor stalling under load,High
1822,2025-01-03,M-002,TECH-11,Unusual behavior detected: lubrication topped up linked to the filter.  Recommend scheduling maintenance.,filter,lubrication topped up,Medium
1823,2025-01-17,M-030,TECH-01,Technician noted rising process temperature while servicing the cooling fan.  Logged for next scheduled downtime.,cooling fan,rising process temperature,High
1824,2025-11-22,M-028,TECH-03,Coupling showing signs of structural stress cracking after extended run time.,coupling,structural stress cracking,High
1825,2025-08-03,M-011,TECH-02,Routine audit flagged shaft deformation on the gearbox.,gearbox,shaft deformation,Medium
1826,2025-12-02,M-018,TECH-14,Technician noted scheduled inspection completed while servicing the belt.,belt,scheduled inspection completed,Medium
1827,2025-10-15,M-045,TECH-04,"Machine is showing sporadic signal loss and the unknown component needs replacement.  Monitored, no immediate action taken.",unknown component,sporadic signal loss,Medium
1828,2025-01-07,M-036,TECH-01,"Pump showing signs of minor leak, monitored after extended run time.  Escalated to shift supervisor.",pump,"minor leak, monitored",Low
1829,2025-11-18,M-026,TECH-14,Log entry: no repeatable cause identified reported for PLC during shift inspection.,PLC,no repeatable cause identified,High
1830,2025-10-18,M-003,TECH-01,Alert triggered due to worn cutting edge at the blade.  Escalated to shift supervisor.,blade,worn cutting edge,High
1831,2025-01-14,M-001,TECH-08,Machine is showing overstrain under excessive load and the bearing needs replacement.  Recommend scheduling maintenance.,bearing,overstrain under excessive load,High
1832,2025-05-31,M-027,TECH-06,Routine audit flagged tool degradation on the cutting tool.  Escalated to shift supervisor.,cutting tool,tool degradation,High
1833,2025-09-06,M-006,TECH-12,Log entry: minor vibration noted reported for filter during shift inspection.,filter,minor vibration noted,Low
1834,2025-04-23,M-053,TECH-08,Electrical panel showing signs of motor stalling under load after extended run time.  Recommend scheduling maintenance.,electrical panel,motor stalling under load,Medium
1835,2025-05-31,M-055,TECH-03,Log entry: excessive tool wear reported for tool holder during shift inspection.  Parts ordered for replacement.,tool holder,excessive tool wear,High
1836,2025-12-03,M-007,TECH-07,Operator reported scheduled inspection completed originating from the lubrication line.,lubrication line,scheduled inspection completed,Low
1837,2025-02-22,M-041,TECH-10,Operator reported bearing seizure originating from the main shaft.,main shaft,bearing seizure,High
1838,2025-03-06,M-020,TECH-10,Inverter showing signs of voltage fluctuation after extended run time.  Parts ordered for replacement.,inverter,voltage fluctuation,High
1839,2025-09-08,M-008,TECH-14,Wiring harness inspection found no repeatable cause identified; recommend follow-up.,wiring harness,no repeatable cause identified,Low
1840,2025-05-20,M-052,TECH-07,Machine is showing routine wear observed and the sensor needs replacement.  Escalated to shift supervisor.,sensor,routine wear observed,Medium
1841,2025-10-12,M-024,TECH-09,Routine audit flagged blunt tool causing poor finish on the milling tool.,milling tool,blunt tool causing poor finish,High
1842,2025-03-24,M-050,TECH-13,"PLC showing signs of no repeatable cause identified after extended run time.  Monitored, no immediate action taken.",PLC,no repeatable cause identified,Medium
1843,2025-12-18,M-054,TECH-11,Alert triggered due to random error code at the PLC.  Logged for next scheduled downtime.,PLC,random error code,Medium
1844,2025-10-19,M-018,TECH-02,Machine is showing structural stress cracking and the bearing needs replacement.  Recommend scheduling maintenance.,bearing,structural stress cracking,High
1845,2025-01-11,M-001,TECH-04,Maintenance check revealed power failure affecting the motor.  Logged for next scheduled downtime.,motor,power failure,High
1846,2025-05-10,M-028,TECH-03,Drive controller inspection found voltage fluctuation; recommend follow-up.,drive controller,voltage fluctuation,High
1847,2025-05-04,M-050,TECH-11,Technician noted worn cutting edge while servicing the cutting tool.  Logged for next scheduled downtime.,cutting tool,worn cutting edge,High
1848,2025-11-23,M-022,TECH-15,"Preventive check: unexplained shutdown detected, unknown component scheduled for review.",unknown component,unexplained shutdown,Low
1849,2025-02-23,M-027,TECH-14,"Preventive check: no issue found detected, belt scheduled for review.",belt,no issue found,Low
1850,2025-01-27,M-033,TECH-06,Unusual behavior detected: voltage fluctuation linked to the inverter.,inverter,voltage fluctuation,High
1851,2025-03-14,M-004,TECH-11,"During inspection, power failure was observed near the motor.  Recommend scheduling maintenance.",motor,power failure,Medium
1852,2025-11-24,M-022,TECH-05,Routine audit flagged no issue found on the sensor.,sensor,no issue found,Low
1853,2025-02-13,M-022,TECH-13,"Preventive check: abnormal current draw detected, inverter scheduled for review.  Logged for next scheduled downtime.",inverter,abnormal current draw,High
1854,2025-04-05,M-043,TECH-02,"During inspection, minor leak, monitored was observed near the pump.  Parts ordered for replacement.",pump,"minor leak, monitored",Low
1855,2025-04-07,M-056,TECH-02,Log entry: no issue found reported for bearing during shift inspection.,bearing,no issue found,Low
1856,2025-06-15,M-001,TECH-04,Technician noted random error code while servicing the unknown component.,unknown component,random error code,Low
1857,2025-06-08,M-007,TECH-08,"Preventive check: tool wear beyond threshold detected, blade scheduled for review.  Logged for next scheduled downtime.",blade,tool wear beyond threshold,Medium
1858,2025-11-07,M-013,TECH-14,Log entry: shaft deformation reported for structural frame during shift inspection.  Parts ordered for replacement.,structural frame,shaft deformation,High
1859,2025-03-09,M-029,TECH-09,Log entry: tool degradation reported for drill bit during shift inspection.  Escalated to shift supervisor.,drill bit,tool degradation,High
1860,2025-02-07,M-011,TECH-08,Log entry: calibration check passed reported for belt during shift inspection.  Recommend scheduling maintenance.,belt,calibration check passed,Medium
1861,2025-10-13,M-013,TECH-14,"Preventive check: torque beyond rated limit detected, main shaft scheduled for review.  Escalated to shift supervisor.",main shaft,torque beyond rated limit,High
1862,2025-08-27,M-008,TECH-01,Maintenance check revealed tool wear beyond threshold affecting the blade.,blade,tool wear beyond threshold,High
1863,2025-08-09,M-049,TECH-06,Machine is showing scheduled inspection completed and the valve needs replacement.  Parts ordered for replacement.,valve,scheduled inspection completed,Low
1864,2025-04-05,M-027,TECH-03,Unusual behavior detected: tool degradation linked to the tool holder.  Logged for next scheduled downtime.,tool holder,tool degradation,High
1865,2025-12-22,M-035,TECH-04,Alert triggered due to sporadic signal loss at the unknown component.  Escalated to shift supervisor.,unknown component,sporadic signal loss,Medium
1866,2025-07-05,M-052,TECH-13,Unusual behavior detected: bearing seizure linked to the structural frame.  Recommend scheduling maintenance.,structural frame,bearing seizure,Medium
1867,2025-10-18,M-052,TECH-15,Control unit inspection found unexplained shutdown; recommend follow-up.,control unit,unexplained shutdown,Low
1868,2025-12-30,M-005,TECH-05,Alert triggered due to lubrication topped up at the lubrication line.,lubrication line,lubrication topped up,Medium
1869,2025-09-26,M-054,TECH-12,Log entry: random error code reported for sensor module during shift inspection.,sensor module,random error code,Medium
1870,2025-05-19,M-030,TECH-07,Maintenance check revealed scheduled inspection completed affecting the belt.,belt,scheduled inspection completed,Low
1871,2025-11-27,M-014,TECH-07,"Preventive check: slight noise during operation detected, sensor scheduled for review.  Escalated to shift supervisor.",sensor,slight noise during operation,Low
1872,2025-08-16,M-012,TECH-15,"During inspection, slight noise during operation was observed near the lubrication line.  Logged for next scheduled downtime.",lubrication line,slight noise during operation,Low
1873,2025-04-23,M-053,TECH-06,Machine is showing motor stalling under load and the inverter needs replacement.,inverter,motor stalling under load,High
1874,2025-10-07,M-040,TECH-05,Maintenance check revealed sporadic signal loss affecting the sensor module.  Logged for next scheduled downtime.,sensor module,sporadic signal loss,Medium
1875,2025-05-11,M-024,TECH-03,Log entry: minor vibration noted reported for valve during shift inspection.,valve,minor vibration noted,Low
1876,2025-12-29,M-006,TECH-09,Cutting tool showing signs of excessive tool wear after extended run time.  Escalated to shift supervisor.,cutting tool,excessive tool wear,High
1877,2025-05-04,M-036,TECH-13,Technician noted routine wear observed while servicing the filter.  Logged for next scheduled downtime.,filter,routine wear observed,Low
1878,2025-05-02,M-006,TECH-15,Alert triggered due to minor vibration noted at the belt.,belt,minor vibration noted,Low
1879,2025-05-08,M-050,TECH-04,Machine is showing power failure and the electrical panel needs replacement.  Parts ordered for replacement.,electrical panel,power failure,High
1880,2025-06-17,M-011,TECH-15,"Preventive check: power failure detected, motor scheduled for review.",motor,power failure,High
1881,2025-06-26,M-031,TECH-14,Log entry: no repeatable cause identified reported for sensor module during shift inspection.  Logged for next scheduled downtime.,sensor module,no repeatable cause identified,Low
1882,2025-01-19,M-012,TECH-15,Technician noted minor vibration noted while servicing the filter.,filter,minor vibration noted,Low
1883,2025-02-09,M-014,TECH-06,Routine audit flagged fan not spinning at rated speed on the cooling fan.  Parts ordered for replacement.,cooling fan,fan not spinning at rated speed,High
1884,2025-11-08,M-030,TECH-10,Technician noted minor vibration noted while servicing the filter.,filter,minor vibration noted,Low
1885,2025-12-16,M-058,TECH-12,Technician noted bearing seizure while servicing the coupling.,coupling,bearing seizure,High
1886,2025-10-15,M-040,TECH-15,Routine audit flagged routine wear observed on the valve.,valve,routine wear observed,Low
1887,2025-02-24,M-010,TECH-13,Log entry: tool wear beyond threshold reported for drill bit during shift inspection.  Escalated to shift supervisor.,drill bit,tool wear beyond threshold,High
1888,2025-12-16,M-011,TECH-03,"Machine is showing structural stress cracking and the gearbox needs replacement.  Monitored, no immediate action taken.",gearbox,structural stress cracking,Medium
1889,2025-06-12,M-016,TECH-10,"Operator reported minor leak, monitored originating from the filter.",filter,"minor leak, monitored",Low
1890,2025-10-06,M-042,TECH-01,Unusual behavior detected: sporadic signal loss linked to the PLC.  Parts ordered for replacement.,PLC,sporadic signal loss,Low
1891,2025-04-23,M-051,TECH-13,"During inspection, calibration check passed was observed near the pump.",pump,calibration check passed,Low
1892,2025-12-07,M-032,TECH-10,Unusual behavior detected: coolant flow restriction linked to the ventilation duct.  Escalated to shift supervisor.,ventilation duct,coolant flow restriction,High
1893,2025-07-15,M-052,TECH-07,Technician noted random error code while servicing the control unit.  Parts ordered for replacement.,control unit,random error code,Low
1894,2025-12-13,M-033,TECH-01,Unusual behavior detected: routine wear observed linked to the gasket.  Parts ordered for replacement.,gasket,routine wear observed,Low
1895,2025-09-07,M-049,TECH-03,Routine audit flagged sporadic signal loss on the unknown component.,unknown component,sporadic signal loss,Low
1896,2025-09-22,M-036,TECH-01,"Log entry: lubrication topped up reported for sensor during shift inspection.  Monitored, no immediate action taken.",sensor,lubrication topped up,Low
1897,2025-08-28,M-058,TECH-08,Alert triggered due to no repeatable cause identified at the control unit.  Parts ordered for replacement.,control unit,no repeatable cause identified,Low
1898,2025-12-16,M-043,TECH-01,"During inspection, motor stalling under load was observed near the electrical panel.",electrical panel,motor stalling under load,High
1899,2025-02-14,M-043,TECH-03,Unusual behavior detected: worn cutting edge linked to the blade.  Parts ordered for replacement.,blade,worn cutting edge,Medium
1900,2025-10-24,M-033,TECH-15,"During inspection, sporadic signal loss was observed near the wiring harness.",wiring harness,sporadic signal loss,High
1901,2025-06-25,M-023,TECH-05,"Preventive check: routine wear observed detected, belt scheduled for review.",belt,routine wear observed,Medium
1902,2025-03-20,M-005,TECH-10,PLC showing signs of sporadic signal loss after extended run time.  Recommend scheduling maintenance.,PLC,sporadic signal loss,Medium
1903,2025-02-19,M-023,TECH-11,Log entry: coolant flow restriction reported for coolant pump during shift inspection.,coolant pump,coolant flow restriction,High
1904,2025-11-29,M-016,TECH-09,"During inspection, coolant flow restriction was observed near the radiator.",radiator,coolant flow restriction,High
1905,2025-01-06,M-012,TECH-05,Routine audit flagged bearing seizure on the gearbox.,gearbox,bearing seizure,High
1906,2025-09-08,M-048,TECH-03,"During inspection, fan not spinning at rated speed was observed near the heat sink.",heat sink,fan not spinning at rated speed,Medium
1907,2025-07-23,M-040,TECH-10,Unusual behavior detected: intermittent fault linked to the sensor module.,sensor module,intermittent fault,Low
1908,2025-05-21,M-011,TECH-10,Technician noted sudden power loss while servicing the motor.,motor,sudden power loss,High
1909,2025-09-17,M-021,TECH-03,Maintenance check revealed overstrain under excessive load affecting the coupling.,coupling,overstrain under excessive load,Medium
1910,2025-09-24,M-047,TECH-08,Log entry: shaft deformation reported for coupling during shift inspection.  Parts ordered for replacement.,coupling,shaft deformation,High
1911,2025-05-16,M-044,TECH-04,Routine audit flagged no issue found on the sensor.,sensor,no issue found,Low
1912,2025-08-01,M-007,TECH-13,Operator reported poor heat dissipation originating from the coolant pump.  Logged for next scheduled downtime.,coolant pump,poor heat dissipation,Medium
1913,2025-02-09,M-054,TECH-05,"Preventive check: worn cutting edge detected, blade scheduled for review.",blade,worn cutting edge,High
1914,2025-12-15,M-010,TECH-14,Alert triggered due to intermittent fault at the unknown component.  Recommend scheduling maintenance.,unknown component,intermittent fault,Low
1915,2025-01-29,M-012,TECH-03,Maintenance check revealed blunt tool causing poor finish affecting the tool holder.,tool holder,blunt tool causing poor finish,High
1916,2025-11-23,M-039,TECH-10,Operator reported tool wear beyond threshold originating from the cutting tool.  Parts ordered for replacement.,cutting tool,tool wear beyond threshold,Medium
1917,2025-09-05,M-013,TECH-04,"Preventive check: slight noise during operation detected, belt scheduled for review.",belt,slight noise during operation,Low
1918,2025-12-29,M-017,TECH-01,Log entry: routine wear observed reported for pump during shift inspection.  Recommend scheduling maintenance.,pump,routine wear observed,Low
1919,2025-02-01,M-015,TECH-12,Ventilation duct showing signs of fan not spinning at rated speed after extended run time.  Logged for next scheduled downtime.,ventilation duct,fan not spinning at rated speed,High
1920,2025-10-11,M-003,TECH-01,"Operator reported minor vibration noted originating from the sensor.  Monitored, no immediate action taken.",sensor,minor vibration noted,Low
1921,2025-09-05,M-022,TECH-06,Machine is showing structural stress cracking and the bearing needs replacement.,bearing,structural stress cracking,High
1922,2025-07-04,M-044,TECH-01,Log entry: blunt tool causing poor finish reported for blade during shift inspection.,blade,blunt tool causing poor finish,High
1923,2025-03-05,M-058,TECH-11,Electrical panel inspection found motor stalling under load; recommend follow-up.  Logged for next scheduled downtime.,electrical panel,motor stalling under load,High
1924,2025-12-22,M-019,TECH-12,Technician noted calibration check passed while servicing the filter.  Escalated to shift supervisor.,filter,calibration check passed,Low
1925,2025-07-10,M-006,TECH-05,Alert triggered due to rising process temperature at the heat sink.,heat sink,rising process temperature,High
1926,2025-04-24,M-052,TECH-12,"Log entry: motor stalling under load reported for drive controller during shift inspection.  Monitored, no immediate action taken.",drive controller,motor stalling under load,High
1927,2025-01-14,M-034,TECH-05,Operator reported sporadic signal loss originating from the PLC.,PLC,sporadic signal loss,Low
1928,2025-05-26,M-059,TECH-08,Structural frame showing signs of overstrain under excessive load after extended run time.,structural frame,overstrain under excessive load,High
1929,2025-01-12,M-012,TECH-04,Alert triggered due to voltage fluctuation at the drive controller.  Recommend scheduling maintenance.,drive controller,voltage fluctuation,High
1930,2025-04-07,M-027,TECH-07,Sensor module showing signs of unexplained shutdown after extended run time.  Parts ordered for replacement.,sensor module,unexplained shutdown,Low
1931,2025-12-23,M-023,TECH-10,Routine audit flagged blunt tool causing poor finish on the cutting tool.  Parts ordered for replacement.,cutting tool,blunt tool causing poor finish,High
1932,2025-05-29,M-049,TECH-05,Maintenance check revealed minor vibration noted affecting the bearing.,bearing,minor vibration noted,Low
1933,2025-03-13,M-011,TECH-10,Log entry: lubrication topped up reported for filter during shift inspection.  Parts ordered for replacement.,filter,lubrication topped up,Medium
1934,2025-11-28,M-005,TECH-09,Technician noted minor vibration noted while servicing the belt.  Escalated to shift supervisor.,belt,minor vibration noted,Low
1935,2025-01-15,M-044,TECH-04,Routine audit flagged torque beyond rated limit on the bearing.  Parts ordered for replacement.,bearing,torque beyond rated limit,Medium
1936,2025-10-19,M-043,TECH-12,"During inspection, fan not spinning at rated speed was observed near the cooling fan.  Logged for next scheduled downtime.",cooling fan,fan not spinning at rated speed,High
1937,2025-08-15,M-034,TECH-11,Operator reported no issue found originating from the bearing.  Logged for next scheduled downtime.,bearing,no issue found,Low
1938,2025-03-18,M-051,TECH-01,"Preventive check: motor stalling under load detected, drive controller scheduled for review.",drive controller,motor stalling under load,Medium
1939,2025-08-18,M-058,TECH-06,Alert triggered due to abnormal current draw at the electrical panel.  Escalated to shift supervisor.,electrical panel,abnormal current draw,High
1940,2025-05-22,M-005,TECH-04,Maintenance check revealed no repeatable cause identified affecting the wiring harness.  Escalated to shift supervisor.,wiring harness,no repeatable cause identified,Medium
1941,2025-10-27,M-049,TECH-12,Log entry: minor vibration noted reported for belt during shift inspection.,belt,minor vibration noted,Low
1942,2025-02-20,M-028,TECH-07,Coupling showing signs of shaft deformation after extended run time.  Parts ordered for replacement.,coupling,shaft deformation,Medium
1943,2025-02-07,M-008,TECH-01,"Machine is showing torque beyond rated limit and the gearbox needs replacement.  Monitored, no immediate action taken.",gearbox,torque beyond rated limit,Medium
1944,2025-07-30,M-055,TECH-07,"Preventive check: poor heat dissipation detected, coolant pump scheduled for review.  Monitored, no immediate action taken.",coolant pump,poor heat dissipation,Medium
1945,2025-12-04,M-006,TECH-08,Alert triggered due to excessive tool wear at the blade.,blade,excessive tool wear,High
1946,2025-11-11,M-060,TECH-03,Log entry: blunt tool causing poor finish reported for tool holder during shift inspection.  Escalated to shift supervisor.,tool holder,blunt tool causing poor finish,High
1947,2025-01-06,M-026,TECH-01,Technician noted sudden power loss while servicing the electrical panel.  Recommend scheduling maintenance.,electrical panel,sudden power loss,High
1948,2025-10-25,M-018,TECH-13,"Preventive check: poor heat dissipation detected, cooling fan scheduled for review.  Logged for next scheduled downtime.",cooling fan,poor heat dissipation,High
1949,2025-12-14,M-020,TECH-07,"During inspection, poor heat dissipation was observed near the heat sink.",heat sink,poor heat dissipation,Medium
1950,2025-10-23,M-026,TECH-04,"Alert triggered due to tool degradation at the tool holder.  Monitored, no immediate action taken.",tool holder,tool degradation,Medium
1951,2025-07-11,M-025,TECH-02,Unusual behavior detected: minor vibration noted linked to the pump.  Recommend scheduling maintenance.,pump,minor vibration noted,Low
1952,2025-12-19,M-038,TECH-02,"Cooling fan showing signs of poor heat dissipation after extended run time.  Monitored, no immediate action taken.",cooling fan,poor heat dissipation,Medium
1953,2025-01-21,M-058,TECH-15,"Gasket inspection found minor leak, monitored; recommend follow-up.  Escalated to shift supervisor.",gasket,"minor leak, monitored",Low
1954,2025-10-26,M-023,TECH-13,Operator reported overheating originating from the cooling fan.  Escalated to shift supervisor.,cooling fan,overheating,High
1955,2025-05-11,M-021,TECH-11,"Unusual behavior detected: minor leak, monitored linked to the pump.  Parts ordered for replacement.",pump,"minor leak, monitored",Low
1956,2025-07-21,M-047,TECH-06,Machine is showing tool degradation and the drill bit needs replacement.  Parts ordered for replacement.,drill bit,tool degradation,High
1957,2025-02-24,M-053,TECH-14,Log entry: fan not spinning at rated speed reported for coolant pump during shift inspection.,coolant pump,fan not spinning at rated speed,Medium
1958,2025-07-27,M-033,TECH-02,Log entry: worn cutting edge reported for drill bit during shift inspection.,drill bit,worn cutting edge,High
1959,2025-02-05,M-012,TECH-08,"Milling tool inspection found worn cutting edge; recommend follow-up.  Monitored, no immediate action taken.",milling tool,worn cutting edge,High
1960,2025-08-01,M-032,TECH-07,Alert triggered due to voltage fluctuation at the power supply unit.  Escalated to shift supervisor.,power supply unit,voltage fluctuation,High
1961,2025-03-19,M-034,TECH-10,"Preventive check: unexplained shutdown detected, sensor module scheduled for review.  Escalated to shift supervisor.",sensor module,unexplained shutdown,Low
1962,2025-08-08,M-052,TECH-06,Operator reported no issue found originating from the valve.  Escalated to shift supervisor.,valve,no issue found,Low
1963,2025-03-05,M-009,TECH-13,"During inspection, calibration check passed was observed near the pump.",pump,calibration check passed,Medium
1964,2025-09-26,M-054,TECH-04,"Machine is showing overstrain under excessive load and the gearbox needs replacement.  Monitored, no immediate action taken.",gearbox,overstrain under excessive load,High
1965,2025-09-16,M-003,TECH-08,Technician noted fan not spinning at rated speed while servicing the heat sink.,heat sink,fan not spinning at rated speed,High
1966,2025-10-21,M-019,TECH-02,"Preventive check: calibration check passed detected, valve scheduled for review.  Monitored, no immediate action taken.",valve,calibration check passed,Low
1967,2025-01-15,M-037,TECH-05,"During inspection, unexplained shutdown was observed near the sensor module.  Monitored, no immediate action taken.",sensor module,unexplained shutdown,Medium
1968,2025-11-29,M-036,TECH-14,Log entry: no issue found reported for valve during shift inspection.  Logged for next scheduled downtime.,valve,no issue found,Low
1969,2025-01-09,M-050,TECH-02,Operator reported lubrication topped up originating from the pump.  Logged for next scheduled downtime.,pump,lubrication topped up,Low
1970,2025-10-30,M-020,TECH-01,Technician noted voltage fluctuation while servicing the drive controller.,drive controller,voltage fluctuation,Medium
1971,2025-04-16,M-029,TECH-11,"Preventive check: fan not spinning at rated speed detected, ventilation duct scheduled for review.  Parts ordered for replacement.",ventilation duct,fan not spinning at rated speed,High
1972,2025-03-02,M-023,TECH-05,Bearing showing signs of bearing seizure after extended run time.  Logged for next scheduled downtime.,bearing,bearing seizure,High
1973,2025-03-01,M-012,TECH-10,Operator reported tool degradation originating from the tool holder.  Parts ordered for replacement.,tool holder,tool degradation,High
1974,2025-12-02,M-022,TECH-01,Coolant pump inspection found rising process temperature; recommend follow-up.,coolant pump,rising process temperature,High
1975,2025-08-26,M-006,TECH-05,Heat sink showing signs of poor heat dissipation after extended run time.  Recommend scheduling maintenance.,heat sink,poor heat dissipation,High
1976,2025-03-10,M-036,TECH-08,Machine is showing power failure and the drive controller needs replacement.  Escalated to shift supervisor.,drive controller,power failure,High
1977,2025-08-04,M-004,TECH-05,Machine is showing sudden power loss and the electrical panel needs replacement.  Recommend scheduling maintenance.,electrical panel,sudden power loss,High
1978,2025-02-03,M-036,TECH-07,Unusual behavior detected: overheating linked to the coolant pump.  Logged for next scheduled downtime.,coolant pump,overheating,Medium
1979,2025-09-20,M-059,TECH-01,Alert triggered due to coolant flow restriction at the coolant pump.,coolant pump,coolant flow restriction,High
1980,2025-12-18,M-022,TECH-11,"During inspection, no repeatable cause identified was observed near the control unit.  Logged for next scheduled downtime.",control unit,no repeatable cause identified,Medium
1981,2025-10-05,M-040,TECH-01,Cutting tool showing signs of excessive tool wear after extended run time.  Logged for next scheduled downtime.,cutting tool,excessive tool wear,High
1982,2025-11-03,M-012,TECH-14,Maintenance check revealed power failure affecting the inverter.,inverter,power failure,High
1983,2025-12-14,M-023,TECH-13,Technician noted power failure while servicing the motor.,motor,power failure,High
1984,2025-08-24,M-052,TECH-10,Unusual behavior detected: routine wear observed linked to the sensor.,sensor,routine wear observed,Low
1985,2025-12-06,M-037,TECH-15,"Operator reported coolant flow restriction originating from the heat sink.  Monitored, no immediate action taken.",heat sink,coolant flow restriction,Medium
1986,2025-11-01,M-040,TECH-08,"During inspection, sporadic signal loss was observed near the control unit.",control unit,sporadic signal loss,Medium
1987,2025-08-05,M-042,TECH-11,"Preventive check: scheduled inspection completed detected, valve scheduled for review.",valve,scheduled inspection completed,Low
1988,2025-02-11,M-014,TECH-12,Log entry: voltage fluctuation reported for drive controller during shift inspection.  Logged for next scheduled downtime.,drive controller,voltage fluctuation,Medium
1989,2025-12-26,M-031,TECH-05,"Alert triggered due to shaft deformation at the main shaft.  Monitored, no immediate action taken.",main shaft,shaft deformation,Medium
1990,2025-12-29,M-049,TECH-05,Maintenance check revealed torque beyond rated limit affecting the bearing.  Escalated to shift supervisor.,bearing,torque beyond rated limit,High
1991,2025-10-14,M-053,TECH-12,Technician noted structural stress cracking while servicing the gearbox.,gearbox,structural stress cracking,High
1992,2025-10-02,M-045,TECH-03,Power supply unit inspection found sudden power loss; recommend follow-up.  Parts ordered for replacement.,power supply unit,sudden power loss,High
1993,2025-09-21,M-033,TECH-08,Operator reported random error code originating from the unknown component.  Escalated to shift supervisor.,unknown component,random error code,Medium
1994,2025-08-06,M-059,TECH-02,"Preventive check: sporadic signal loss detected, wiring harness scheduled for review.",wiring harness,sporadic signal loss,Medium
1995,2025-01-23,M-011,TECH-06,Coupling inspection found torque beyond rated limit; recommend follow-up.,coupling,torque beyond rated limit,Medium
1996,2025-06-10,M-027,TECH-02,Alert triggered due to rising process temperature at the radiator.  Recommend scheduling maintenance.,radiator,rising process temperature,High
1997,2025-12-13,M-022,TECH-04,Routine audit flagged random error code on the sensor module.  Escalated to shift supervisor.,sensor module,random error code,Medium
1998,2025-11-13,M-052,TECH-04,Unusual behavior detected: no repeatable cause identified linked to the PLC.  Recommend scheduling maintenance.,PLC,no repeatable cause identified,Medium
1999,2025-03-20,M-008,TECH-11,"During inspection, minor leak, monitored was observed near the bearing.  Logged for next scheduled downtime.",bearing,"minor leak, monitored",Low
2000,2025-09-05,M-047,TECH-06,Maintenance check revealed blunt tool causing poor finish affecting the cutting tool.,cutting tool,blunt tool causing poor finish,Medium
